static const char kernel_config_data[] __used = MAGIC_START
	"\x1f\x8b\x08\x00\x00\x00\x00\x00\x02\x03\x8c\x3c\x4b\x73\xdb\x38"
	"\xd2\xf7\xf9\x15\xaa\xcc\x1e\xbe\xef\xb0\x13\xc9\x56\x1c\xa7\xb6"
	"\x7c\x00\x49\x50\xc2\x8a\x24\x68\x00\x94\x6c\x5f\x58\x1a\x47\x99"
	"\xb8\xc6\xb1\xb3\xb2\x3c\xb3\xf9\xf7\xdb\x0d\xf0\x01\x40\x80\x9c"
	"\xa9\xa9\x94\x89\x6e\x34\x5e\x8d\x7e\x43\xbf\xfe\xf2\xeb\x84\xbc"
	"\x1e\x9e\xbf\x6d\x0f\x0f\xf7\xdb\xc7\xc7\x1f\x93\x3f\x76\x4f\xbb"
	"\xfd\xf6\xb0\xfb\x3c\xf9\xf2\xf0\xb8\xfb\xd7\x24\xe3\x93\x8a\xab"
	"\x09\xcd\x98\xfa\x0d\x90\x8b\x87\xa7\xd7\xff\xbe\xdf\xee\xbf\x5d"
	"\xcc\x27\xf3\xdf\x66\xf0\xff\xa7\xe9\x64\xb5\xdb\x3f\xed\x1e\x27"
	"\xe9\xf3\xd3\x97\x87\x3f\x5e\xa1\xf7\xc3\xf3\xd3\x2f\xbf\xfe\x92"
	"\xf2\x2a\x67\x8b\x96\x88\xf2\x62\x7e\xf5\xa3\xff\xbc\x98\x27\x4c"
	"\x8d\x9f\x44\xa4\xcb\xb6\x5e\xde\xca\x96\x64\x99\x68\x95\x0f\x2f"
	"\xcb\xc6\x46\x06\x52\x6d\x4d\x16\xb4\x95\x4b\x96\xab\xab\xd9\x99"
	"\x0b\x82\x0f\xd5\x81\xe6\xce\x08\x65\x49\xea\x56\x54\x59\x0b\xc4"
	"\x65\x5b\xb2\xea\x6a\x76\x79\x0a\x81\xdc\x5c\x9d\x45\x28\xa4\xbc"
	"\xac\x89\xb2\x08\xcd\x7e\x02\x0f\xe8\xcd\x2e\x7a\x3c\xa9\x48\xba"
	"\x52\x82\xa4\xb0\x8c\xa6\xae\xb9\xb0\xd6\xcb\x8a\x82\x2e\x48\xd1"
	"\xd6\x9c\x55\x8a\x8a\x76\x4d\x8a\x86\x5e\x4d\xff\xfb\x79\xb7\xfd"
	"\x3c\xb5\xfe\xeb\xf1\x0b\x9e\xae\x32\x5a\x1f\x13\x32\xf4\x99\xb8"
	"\xce\x0b\xb2\x90\xc7\x70\xb1\x91\xb4\x6c\x6f\xd2\xe5\x02\x36\xbe"
	"\x25\xc5\x82\x0b\xa6\x96\xe5\x88\xb0\xa0\x15\x15\x2c\x6d\x93\x66"
	"\x11\x6c\x6c\x05\x2d\x88\x62\x6b\xda\xcf\x55\x1e\xa3\x2d\x37\x94"
	"\x2d\x96\xea\x18\x90\xca\x26\x30\x54\x4a\x0a\x96\x08\xa2\x68\x9b"
	"\x01\xed\xdb\x11\xe1\x8e\x57\xd0\x56\x92\xb1\x65\x49\x60\xe0\xbe"
	"\xdf\xa2\xa9\x3d\x8e\x02\xdc\x08\x43\x55\x94\x66\x1a\x8c\xe7\x04"
	"\x27\xa1\xa8\x07\x93\x0b\x0d\x2e\x68\xb5\x50\xcb\x11\x26\x4b\x6b"
	"\x8c\x25\x57\x75\x01\x5b\x20\xd9\x1d\xd5\x27\x7c\x75\xf6\x69\x40"
	"\xdc\x30\xae\x8a\xc4\x3a\x52\x0e\x4c\xdc\x2e\x69\x51\x53\x31\xb6"
	"\xae\xa8\xa8\x68\xd1\x96\x3c\xa3\x30\x2e\xaf\x46\x48\xce\x6e\x5a"
	"\x4a\x44\x71\x0b\xdf\x6d\x49\xad\x7d\xaa\x17\x8a\x24\x05\x85\xb9"
	"\xad\x69\x21\xaf\xce\x9d\x25\x77\x27\x2c\xdb\xa6\x16\x3c\xa1\xd2"
	"\xbf\x63\x82\xa7\xed\x2a\xe5\x82\xb6\x8a\xde\xe0\x86\xfc\x3a\xe9"
	"\xe0\xd7\x8a\xb5\x8b\x75\x39\x79\x78\x99\x3c\x3d\x1f\x26\x2f\xbb"
	"\x43\xdf\x33\xa3\x79\xcf\x67\x4c\xaa\xab\x77\xef\x1f\x1f\x7e\x7f"
	"\xff\xed\xf9\xf3\xeb\xe3\xee\xe5\xfd\x3f\x9a\x8a\x94\x14\xd9\x80"
	"\x12\x49\xdf\xff\x76\xaf\xef\xff\xbb\x91\xae\xe2\xbc\x18\x38\x0f"
	"\xf1\x44\x60\x08\xe0\xd0\x76\xc3\xc5\x6a\x9c\x6e\xd2\xb0\x22\x53"
	"\x0c\x48\xc3\x3c\xf5\x7a\xa5\xcb\xd9\x4b\x41\x49\xd6\xb2\x2a\xe7"
	"\xf0\x4f\xab\x88\xc4\xce\x20\x70\x7e\x9d\x2c\xb4\xf4\x7a\x44\xfa"
	"\xaf\xdf\x47\x11\xc4\x2a\xa6\x5a\x5a\xad\x61\x27\x70\x25\x25\xf0"
	"\xc3\xf9\x20\x39\x52\xc1\xa5\xd4\xb7\x95\x15\xf4\xea\x9d\x35\xff"
	"\xae\x0d\xf6\x4b\xaa\xc0\xcc\xe1\xea\x91\x62\x0d\x7c\xcf\xe0\xf4"
	"\xde\xfd\xf3\xfb\x6e\xff\xc5\xea\x6c\x43\x5b\xd2\x28\x1e\xde\x5e"
	"\xd2\x14\x0a\xd8\x49\x2a\xdc\xcb\xab\x77\xff\xf7\xf4\xfc\xb4\xfb"
	"\xff\x77\x23\x2f\x91\xda\x3e\x29\x79\x2b\xd7\xac\x4e\x6d\x52\x03"
	"\xac\xe6\x12\x18\xa7\xbc\x6e\x68\x43\x03\x63\x99\x65\x02\x3b\x71"
	"\x71\xdb\x12\x05\x22\x68\x69\x53\xce\x97\xa4\xca\x0a\x1a\xa4\xdc"
	"\x48\x0a\xf7\x32\x40\x93\x34\x99\x7d\xb5\xf4\x9d\xd4\xcc\xa6\x01"
	"\x30\x59\xd8\x82\xc2\x1e\xc5\x6e\xb7\xe9\xe9\xc3\x03\x4e\x98\xbc"
	"\xbc\xfe\xfe\xf2\xe3\xe5\xb0\xfb\x36\x1e\x5e\x7f\xc9\x91\x51\x34"
	"\x67\x1f\xcb\x0d\x04\xc9\x25\xdf\xc4\x21\xe6\xca\x84\xe1\x34\xcf"
	"\x69\xaa\x05\x19\xc9\x73\x10\x0b\x72\x15\xc6\x2b\xd9\x02\x64\x13"
	"\xb3\xaf\xea\x92\x88\x0c\x40\xc0\xe4\x1b\xe0\x6f\x49\xab\xcc\xba"
	"\xf6\xd0\x25\xe3\x25\x61\x55\xa8\xad\x5d\x32\x2a\x70\xaf\x6e\x8f"
	"\x07\x2b\x25\x43\xcc\x28\xe0\x88\xac\x39\xbb\x9e\xb2\xd3\x15\xd1"
	"\x73\x2e\x52\x10\x6c\xe6\xde\xb0\xca\x12\xe7\xb2\x26\x42\x52\xb7"
	"\x87\x3e\xc0\x14\xf5\x8a\xe4\x0d\x74\x6c\x33\xa2\xc8\xf1\x5c\xf4"
	"\x05\x5d\x8f\x67\xec\x8b\x72\x24\x00\x7b\x5e\x29\x5f\x10\x2d\x89"
	"\x84\xce\xe9\xaa\x4d\x04\x27\x59\x4a\xa4\x3a\xd9\xdb\x41\xd3\x7c"
	"\xa2\x1e\xbe\xed\xf6\x2f\x21\x56\xd1\x64\x41\x55\xc0\x89\xdb\x12"
	"\x9f\xb7\xcb\x3b\xbc\xcc\xa5\x3e\xba\x81\x19\xa1\x11\x24\x32\xe3"
	"\x19\x4b\x03\xbc\x6d\x7a\x31\xd8\x57\xbb\x8f\x69\xcd\x1b\x97\x7d"
	"\x6d\xa0\x75\x2a\xa0\xfa\x90\x2b\xf4\x56\x69\xed\xa8\xa7\x9f\xd6"
	"\xcd\x7b\xb5\x7d\xf9\x73\x72\x80\x75\x4c\xb6\x4f\x9f\x27\x2f\x87"
	"\xed\xe1\x65\xb2\xbd\xbf\x7f\x7e\x7d\x3a\x3c\x3c\xfd\xe1\x2d\x08"
	"\x3a\xb4\x24\x4d\x79\x53\x29\x73\x78\xc3\x6c\xd6\x0c\xe4\xaa\x0b"
	"\xc6\x2d\x8c\x48\x59\x7d\x62\x0e\xa1\x9e\x0b\xd2\x25\xb0\xc7\x86"
	"\x14\x8e\x56\x48\x64\xa6\x95\x06\x05\xb1\x01\xbd\x42\x12\x10\x45"
	"\x2f\xaa\x50\x69\xf7\xc3\x46\xa3\xbf\x4f\x75\x6b\x6f\x10\x68\x09"
	"\x75\x6c\x63\x3c\x38\xbf\x5a\x32\x7b\x00\xf8\x1c\x24\x67\xc6\x24"
	"\x6a\x88\xec\x48\x98\x88\xb4\x99\xc8\x63\x0e\xa9\x05\xa5\x65\x0d"
	"\xca\x28\xb5\xcc\x4a\xf8\x00\x55\x03\xbc\x60\xcd\x47\x3a\x18\x0a"
	"\xba\xf9\x4d\xb8\xf6\x63\x3a\xb0\x1d\x45\x31\x32\x9b\x05\x31\xc6"
	"\x05\x5d\xa4\x89\xd6\xa5\x0e\x2c\x27\x15\x6f\xd4\xd5\xc5\xfc\xb8"
	"\x11\x24\x17\xc9\x2d\xe3\xd1\x40\xa4\x1a\xb8\x6d\xd8\x17\x84\x24"
	"\x9c\x07\x75\x95\x9e\x00\x4f\x13\xe4\x16\x4f\xd3\x82\xfd\x52\x9d"
	"\xa5\x96\xc4\x58\x99\x3f\x8e\x5b\x34\x3b\xd8\xcd\x4b\x90\x27\x8e"
	"\xdd\x57\x70\x24\x9a\xf7\xd6\xf9\x47\x5b\x97\x56\x92\x83\x8c\xca"
	"\x8b\x46\x2e\xe1\x8e\xf6\x26\x54\x50\xaf\x2e\x34\x53\x83\xd1\xec"
	"\x12\x1b\x66\x01\xe6\xe6\xaa\x95\x24\xa7\xfe\x80\xe7\xbe\x20\x31"
	"\xac\xad\xc5\x49\x7f\xff\x72\xc2\xc4\x44\xde\x7f\xdd\x81\x11\xb3"
	"\x9f\x1c\x5e\x9f\xb6\xbf\x83\x35\x63\xb1\x08\x05\xbe\x6a\x14\x2b"
	"\x40\x52\x15\x79\xc1\x60\x94\xf3\x33\x87\xff\x8e\x11\x66\x17\x61"
	"\x95\x7c\x8c\x79\x19\x52\xa3\x8e\xf9\x56\x35\x60\x7d\x26\xa4\x20"
	"\x55\xea\xdc\x82\x74\x21\x78\x53\x5b\x9b\xad\xfd\x20\x7d\x5b\x6c"
	"\xbb\x12\x34\x7c\xba\xf0\x3e\x7b\x3b\xe2\xa8\x0d\x8c\x22\x7d\x7d"
	"\x2c\x96\x28\x56\xdd\x48\xf6\x92\x33\x8a\x06\xff\x08\x0b\xd9\x17"
	"\x1a\xd0\x6e\xc0\x8b\xa0\x09\x49\x57\xfe\xc4\xcd\x51\x58\x56\x2e"
	"\x1c\x43\xeb\x42\x46\x4e\x56\x36\x24\xb8\xb5\x1d\xd1\x9a\x65\xf2"
	"\x14\x5c\x80\x29\x1f\x9f\x6c\x0e\xd7\xfa\xce\xde\x3c\x60\x3b\x49"
	"\x6d\x8d\xa5\xad\x66\x18\xa4\x83\xd8\x93\xec\x68\x64\x74\xcd\x52"
	"\x1a\x1f\x03\x3a\x76\x92\xee\x68\xee\x54\xe4\xf1\x7e\x49\x9d\x07"
	"\x47\x4b\x82\x77\x46\xf2\x74\x35\xe0\x38\xfa\xba\xbb\x01\x68\xf7"
	"\xa7\xca\x31\xc6\x00\x90\xae\xb4\xef\x86\x5a\x4a\x01\x46\x48\xa7"
	"\x81\x59\x0a\x56\x42\x6a\xfb\x13\x0d\x72\xa9\x23\xf3\x61\x6f\x04"
	"\x34\x85\x2f\x01\xec\x9e\x0b\x1a\xbc\x2d\x65\xc8\x38\x33\x45\x53"
	"\xb9\xe7\x3f\x07\xa0\x9a\xca\x32\xfd\x7a\x05\x00\x23\xb7\x78\xd7"
	"\x17\xa0\x6d\x36\x44\x50\xcf\x5a\xce\x25\x60\x82\xd0\x4f\xc1\xcf"
	"\x0b\x33\x12\x7a\xb1\xb7\x81\xd9\x21\xb3\xc3\xd9\x6a\xdf\x41\xd8"
	"\x66\x1d\x7e\x93\x12\x08\x1b\xf3\x08\x3d\x86\x9e\x54\xd6\x2e\xee"
	"\x98\x35\x71\x68\x48\xa0\xe1\xcc\x69\x29\xee\xb4\x1f\x3b\x4e\x20"
	"\x6b\x6f\xee\xc2\x53\x43\x64\x1e\x07\xcd\x43\xdc\x93\xb6\xbc\x06"
	"\x4d\x8f\x8e\x29\xd8\x7d\x9a\xc9\xb8\x28\x41\x98\x38\x5b\xe3\xa3"
	"\xa1\x23\x1b\x62\x2b\x30\xef\x54\xe1\x59\xf8\x0d\xcb\x66\x17\xd6"
	"\xe9\x68\x1c\x50\xa0\x29\xad\xd1\x3a\x36\x91\x07\x4b\xa2\x68\x46"
	"\xee\x3e\x7c\x35\xeb\xd1\x2a\xe1\x48\x19\x32\x93\x73\x8c\x0b\xaa"
	"\xd0\x2a\x6f\x03\x8e\x83\x73\xd2\x01\x87\xa3\x9b\x5c\xbc\xa7\xf1"
	"\x9a\x06\x0b\xad\x77\xce\x01\x59\xde\x96\x81\x96\xd6\x1b\x60\x6c"
	"\x4f\x40\xbf\x35\x8a\xe2\x8e\xc3\x9d\x0f\x0c\x35\xa0\x26\xe0\x2e"
	"\x0f\xd1\x13\x5b\xd6\xa0\x5e\xb3\xb5\xb3\x25\xc7\x69\x91\xeb\x4b"
	"\x6c\x81\x91\x0a\x5a\xa2\x96\x4c\x85\xf1\x6f\xbc\x4f\xb8\x7f\x16"
	"\x95\x9a\xdb\xf8\x92\x2d\x2a\x50\x4c\x16\x77\xeb\x8d\xb0\x1b\xb4"
	"\x11\x6e\x37\xc0\x71\xb6\x47\x56\x3f\x36\xfe\x1b\x7c\x6c\x52\x6c"
	"\xc8\xad\x6c\x6d\xd3\x47\x2e\x9d\x10\x06\x61\xdc\xfa\xc8\xd6\x0c"
	"\x16\xd1\x91\x3b\x92\x28\xfa\x86\xe7\x59\xe8\xd4\x52\xd6\x5e\x37"
	"\x4c\xac\xa4\xa3\xd5\x12\x22\x04\xb3\xe5\x39\x34\xd1\x2c\xb3\xd5"
	"\x8e\xe6\x60\xbc\x14\xed\xe0\x9c\x8c\x92\x2a\x9d\x4d\xe7\x47\x96"
	"\x64\x17\xdd\xac\xc1\xbd\x7f\xde\x7f\xdb\x3e\xdd\xef\x26\xf4\xaf"
	"\xdd\x13\x58\xec\x04\x6c\xf7\x14\x6d\x76\x70\x47\x6c\xfb\x21\x4c"
	"\x1c\x9b\xb5\x9c\x94\xe0\x35\x86\x1d\x6d\xa3\x66\x7b\xcc\x76\x5d"
	"\xc2\xae\xf0\x90\x73\xb2\x2e\xcd\x08\xbd\xfa\xb7\xa5\x68\xd1\x24"
	"\x86\x90\x73\x0f\xb0\xb5\xd3\xfb\xfa\xae\xf0\x2a\xac\x36\xbb\xa0"
	"\xa5\x58\x05\xc1\xb2\x20\xa1\x38\x00\x52\x77\x47\xe3\x61\x34\x82"
	"\x93\x10\x0b\xda\x8b\x6f\x7b\xda\x00\x43\x7d\x8c\xc6\x71\x2b\xc0"
	"\xa1\xe5\x65\x0c\x8a\x5e\x37\xc8\xfc\xcc\x5b\x34\xda\x8c\xe0\xcf"
	"\x2a\x46\x0a\x47\x3a\x29\x5a\x6a\x9d\xd8\xae\xc1\x24\xcc\x59\xea"
	"\xf9\xf0\xa0\xe2\x73\x56\x38\xa6\x96\x96\x60\x5a\x33\x3a\x47\xb8"
	"\x32\x81\xb5\xe0\xce\xfc\xbb\x29\xeb\x16\x66\x49\x43\x42\x66\x8c"
	"\xc8\x8d\xce\x27\xf2\xa1\x0e\x4d\xc2\xa5\x81\x6b\x88\x9a\x2f\x45"
	"\x5f\x2b\xd0\x5d\xe3\xd2\x1c\xa6\xce\xf0\xcc\x9b\xca\xed\xe1\x31"
	"\xf7\xca\x0f\xff\x99\x56\x41\x55\x10\xa0\x8d\x4f\xbd\xe0\x25\xe7"
	"\x2b\x0f\x88\x81\x50\x8c\xa9\xb3\x45\xc3\x9b\x40\x7c\x57\xc2\xa2"
	"\xd1\x45\xee\x62\x0b\x81\xb8\x09\x02\x51\xe8\x80\xe7\xa3\x8e\xa2"
	"\xb4\x18\x0a\x00\xed\xa3\x58\x7e\xdb\x6b\xd3\x63\x04\xe8\xd8\x85"
	"\xad\xbc\xc9\x09\xba\x00\xb1\x5b\x65\x26\x9e\xde\x6d\x46\x4b\x6c"
	"\x79\xa7\xf1\xd2\x22\xb4\x2c\xc0\x1b\xae\x89\x0d\x5b\x6e\x80\xfb"
	"\x29\x31\x86\x51\x48\x6e\xe0\xb0\xa1\x76\x73\xb7\xf5\x54\xb2\xc6"
	"\x09\x16\x0f\xdb\x3c\x32\x89\xbf\x14\x70\xcf\x4c\xa8\x13\x99\xdc"
	"\xef\xda\x9d\xb6\x54\xa2\x49\x95\x36\xfb\xfd\x15\x96\x35\x06\xf2"
	"\x4d\xcc\x31\x02\xcb\x78\x93\x14\xfe\xfe\x6e\x88\x96\x21\xfa\xce"
	"\xb3\x3a\x6d\x4d\x38\xa8\x8f\x69\x06\x56\x20\x69\x8a\xe8\x2d\xdc"
	"\x18\xc7\xeb\x88\xb5\x9b\x30\x3d\x58\x1b\xe8\xeb\x31\xd7\x68\xb4"
	"\x9a\x63\x4c\x0f\x18\x7a\x47\x81\x73\x15\x4d\xc1\x44\xb5\x4c\xf5"
	"\x00\xc8\x36\x6f\x5c\x20\x38\xbf\x55\x58\xe6\x1e\xa3\xc2\x01\x37"
	"\x05\x11\x61\xe3\xca\xc3\x85\x33\xe1\x8e\xe4\x58\xb2\x4a\xef\x14"
	"\x68\x76\x67\xb1\x45\x30\x00\xec\x7a\x7e\x80\x03\xcc\x4a\x6c\x7a"
	"\x2e\x02\x52\x07\x24\xcb\xdf\x86\x1e\xb8\x32\x6f\x24\x43\xe5\xcd"
	"\xf1\x40\x11\x65\x7c\x83\x59\x97\xc2\xac\xcb\xb2\x53\x79\xdd\x76"
	"\xab\x44\x93\xce\x1f\xe3\xa8\x67\xf4\x00\x41\x78\xd0\x1b\xa5\x05"
	"\xcc\xca\x91\xb1\x1a\x1c\x09\x60\x79\x58\x27\x83\x57\x8e\x10\xab"
	"\x30\xa0\x89\x32\x72\xd9\x2c\x68\xe0\xa2\x18\xa1\x02\x30\xd4\xad"
	"\xfe\x15\x2d\x79\xd6\x6d\x50\x4d\x53\x54\x14\x96\x6d\xc1\xb3\xa6"
	"\xa0\xd2\x78\x1b\x45\xae\x8d\xb7\x80\xa8\xd2\x20\xad\xba\xc0\x9c"
	"\x0e\x0d\xed\x64\x19\x3d\x02\x2e\x6c\x4c\x4f\x06\x7a\x5b\xa9\xc5"
	"\x18\x11\x1b\x65\x36\xf3\xf4\x4e\x3f\xe1\x65\xf0\x46\x30\x49\xc0"
	"\xf6\xd4\x92\x34\x74\x07\x0a\xcc\xc5\xa1\x87\x0f\xee\x56\x66\x8d"
	"\xcf\x8b\x0c\x0d\x4a\xd9\xc0\xf6\x55\xd9\xb9\x75\x53\xcd\x54\x3a"
	"\x38\x49\x3b\xf5\x3b\xde\xc0\x1a\x63\x53\x96\x82\xcb\xf3\xa8\x40"
	"\xd0\x33\x5f\x77\xa9\x3b\x9b\x61\x9d\xb6\x31\xdf\x80\xe8\x5c\xbb"
	"\x25\xa4\xe8\x53\x6e\x62\x73\x13\x5c\x77\x0c\xb9\x37\x56\x62\xf7"
	"\x49\x2b\x29\x05\xda\x4e\x59\x9d\x2c\xd1\x18\x07\xf9\xdd\x0d\x9b"
	"\x05\xbb\x3b\x20\xcb\x79\xcd\xf5\x8d\x88\x45\xa4\x87\x01\x30\xf9"
	"\x36\x24\xc9\x52\xbe\xfe\xe7\xef\xdb\x97\xdd\xe7\xc9\x9f\xc6\xb6"
	"\xfd\xbe\x7f\xfe\xf2\xf0\xe8\x44\x9e\x87\x9e\x88\xdd\xd9\x48\xb4"
	"\x75\x8c\x7e\x27\x05\x6b\x2c\x85\x25\xc5\xdb\xe7\xda\x6d\x98\xa7"
	"\xb3\x04\x0b\x2c\x05\xdd\x12\xdb\x0e\xd1\x9e\x8c\x44\x63\xf7\x6a"
	"\xea\xdd\x38\x7b\xb1\xdd\x16\xe8\x6c\x06\xa8\x3a\x12\x72\x0c\x3a"
	"\x9c\xa6\x42\x78\xb4\xb3\x01\x87\xbb\x77\xca\x2f\x34\xb2\x14\xe9"
	"\x90\xd0\x0b\x6e\x77\x8f\x67\x07\x4f\xc7\x36\x33\x78\x10\xe2\x39"
	"\x95\x16\x04\x24\xed\x2c\xc8\xad\x2e\xce\xd9\xd9\xfc\x67\xb0\x3e"
	"\x5c\xfc\x04\xd6\xf9\xe5\xfc\xe4\xda\x10\xe7\xc3\xec\x2c\xb8\x10"
	"\x14\x2a\x57\xef\x5e\xbe\x6e\x01\xe1\xdd\xd1\x00\x28\x09\x84\x67"
	"\xe3\x8e\x79\x03\xc1\x4a\x38\x19\x10\xb1\x59\xbb\x42\x3f\x39\x3a"
	"\x09\x69\xe2\xf1\x05\xd8\xab\xb6\x49\x99\x74\x51\x5e\x2b\x80\x23"
	"\x53\xc9\x80\xf7\xaf\x1b\x2a\xdd\xdc\x46\x17\xdc\x49\xe4\x22\x38"
	"\x17\x0b\xee\x65\x3e\x8f\x50\xb0\xf4\x61\x21\x98\xba\x3d\x89\x85"
	"\x05\x0c\xd9\x49\x0c\xb0\xa0\xb9\x52\xe8\x87\x44\xd1\xd2\x32\x03"
	"\x38\x35\x56\x9a\x88\xa2\x6d\x12\x15\x85\xe1\xe6\xf2\x9a\x14\x91"
	"\x80\x17\x98\x17\x38\x00\xad\x52\x71\x5b\xbb\x6e\x52\x10\xdc\xe6"
	"\xc0\xb9\x5d\xb4\x57\xcb\x96\x7a\xbb\x3f\x3c\x60\xfd\xcf\x44\xfd"
	"\xf8\xee\x44\xd5\xd1\x31\xd3\x5d\xc0\xe9\xc7\x68\x94\x73\x3b\x49"
	"\xca\x45\x35\xe2\x84\xc5\x33\xbb\x79\x03\x83\xcb\xfc\x2d\x1a\x25"
	"\x28\xa0\xb7\x70\x14\x11\xec\x0d\x9c\x92\xa4\x61\x8c\x1e\x2e\x33"
	"\x2e\x47\x0c\x3f\xad\x96\x31\xb9\x3a\xf2\x15\x47\xe2\xac\x82\xa5"
	"\xca\x26\x39\x3d\x07\xc9\xc1\x48\x65\xb2\xbd\xb9\xbc\x78\x63\xb6"
	"\x0d\xd0\xc3\xd8\xe8\x1b\xe3\x16\x59\xf9\x06\x21\xb9\x78\x6b\x63"
	"\x40\x4d\x8a\x37\xcf\x49\x36\x6f\x9d\xf5\x8a\x88\x92\x9c\xdc\x61"
	"\x9a\xb3\xf0\xfe\x62\x89\xc4\xc5\xe5\x1b\xf4\xad\x9b\x14\x1d\x41"
	"\x8b\x93\xce\x78\x71\xaf\x41\x79\x8d\x01\xa8\x9e\xe5\x19\xd7\xd9"
	"\x24\xac\x89\xb1\xc3\x40\x8c\x9b\xb0\x75\xc5\xb9\x93\x4a\xe9\xdb"
	"\x33\xf0\x97\x71\x0e\xa1\x64\x6d\x87\x92\xe6\x56\x5a\x1e\x3e\xba"
	"\xa4\x48\x07\x3e\x8e\x85\x1b\x7c\x2b\x9a\x64\x9a\x71\x06\x27\x8a"
	"\x4f\x7a\x72\xef\xee\xbf\xfc\x67\x08\x65\xc3\x12\xfd\x89\x5a\xf2"
	"\x7e\x04\xae\x6e\x13\x37\x58\xdb\x03\x92\xfc\x3a\x64\x8f\xc8\x6a"
	"\x66\x05\x7f\xab\x4e\xa0\xc8\x1a\xbc\x26\x54\xca\xb6\xfc\x76\x7d"
	"\x15\xa2\xc0\xa8\x4e\x5b\x51\x6e\xec\x68\x31\xc6\x37\x75\x67\x90"
	"\x2b\x7c\x53\xd9\x9e\xa7\xa9\x6f\x8b\x00\xf5\xd1\x46\x60\x7a\x5c"
	"\x34\xf4\x75\x25\x4d\x06\x84\x74\x2d\xc4\x88\x10\x6b\x37\x23\xd6"
	"\x02\xb3\xd8\x5d\x2a\xa2\x0f\xc4\x0e\x79\x26\x23\x24\x1f\xb7\x07"
	"\x8c\x25\xc2\xce\x3c\xee\xee\xbb\x6a\x49\xd7\x0c\x35\x56\xb2\x8c"
	"\xdb\xa9\x70\x87\x6e\x58\x1c\x4c\x8a\x9a\x45\x1c\x5e\xd3\x3d\x2b"
	"\x2f\x2e\xa6\x71\x78\x92\x96\x67\x97\xe7\x1f\x4e\x22\xb4\x0c\xb3"
	"\x63\x27\x50\xa8\x80\xd3\x3d\x01\x17\x69\x29\x55\x12\x47\xa0\x37"
	"\xb7\x15\x3f\xb1\x07\x05\xb9\x05\x73\x2c\x25\xf5\x89\x85\x16\x8b"
	"\xd9\x2a\x0e\x5d\x32\x79\x62\x13\x4b\x9a\x31\xa2\xe8\xea\x14\x86"
	"\xe4\x27\x56\x58\xae\x69\xd2\xc4\xcc\xf2\xeb\x54\x47\x38\xbd\x73"
	"\x29\x2f\x67\x1f\xa6\x27\xcf\x4d\x2e\x05\x5b\x9d\x3a\xda\xf2\xe2"
	"\x24\x09\xb8\x49\x45\x11\x07\x5f\xa7\x72\x3e\xfd\xf0\x06\xfc\xfc"
	"\xe4\x0c\x4b\xb2\xa8\x19\x8d\xad\x1b\x14\x44\xb5\x72\x53\xa9\x7d"
	"\xc7\xf9\xd9\xa7\x4d\x9c\xb2\xa0\xa4\x38\x79\x1a\xc0\x8d\xab\x74"
	"\xc9\xea\x13\x93\xa3\x04\x6c\x2c\x7a\x6a\x8c\x8a\x4a\x72\xea\xde"
	"\x29\xac\x01\xbb\x99\x9d\xd8\x60\xb4\x07\xc9\x09\x0a\xb5\xc8\x4e"
	"\x74\x5e\x36\x55\x16\x31\xee\x6c\x84\xb3\x38\x06\x88\xd5\x1a\xab"
	"\xcb\xe2\x18\x6b\x7a\x13\xb7\xc3\x0d\x46\x53\xa4\xe4\x04\x67\xdf"
	"\xa0\xdf\x17\x07\xdf\x9d\xf0\xb0\xef\x6e\xab\xeb\xb2\x3e\x4a\xb3"
	"\x24\xaf\x58\xd2\xf5\xfd\xfb\xf3\xfe\x60\x59\x8d\xa9\x15\xcc\xc5"
	"\xa4\x8f\x29\x71\x93\xc1\xc6\xde\x17\x75\x81\x81\xa4\x20\x34\x53"
	"\xd4\x2a\x49\x23\x23\xb9\x25\x1d\xfe\x08\x96\x0f\x23\xb4\x94\xec"
	"\xa8\xc1\xad\xcb\xb3\x87\x3a\xce\xd9\x3b\x50\xe4\x6a\x50\x24\x5d"
	"\x25\xc6\x51\xa5\xa8\x83\x2b\x55\x93\x44\x81\x8c\xaf\xa3\x30\x50"
	"\x4a\x71\x18\x91\x2c\x96\x63\xeb\x63\xd5\x63\xf8\xa8\x2b\x7c\x06"
	"\xe0\xd1\x09\x66\xbb\x97\x87\x3f\x9e\x36\xdb\xfd\x6e\x82\xe0\xf4"
	"\x19\xfe\x90\xc3\x89\x3a\xbb\xdf\x66\x9b\xb6\x2e\x88\x8a\x4e\x2a"
	"\x2a\x98\x75\x6f\x14\x9d\x71\xe8\x8a\x09\x57\xed\x18\xa5\x0b\x53"
	"\xfa\xfa\xfc\x72\x98\xdc\x3f\x3f\x1d\xf6\xcf\x8f\x58\xfc\xf3\x79"
	"\xff\xf0\x97\x9b\xbb\xd3\x87\x59\xfa\x27\x08\x4d\x78\xc6\xf1\xd9"
	"\x72\xa9\x7a\xee\x8b\x22\xc5\xaf\xcc\x40\xa2\xbb\xdb\x6d\x4d\xcb"
	"\x9f\x43\xa4\x29\x29\x83\x2b\xa5\x4f\x9f\xbf\x3f\x3f\x3c\xf9\x1b"
	"\x0f\x5c\x96\xe9\xc4\x46\xb0\xd3\xcb\xdf\x0f\x87\xfb\xaf\xe1\x0d"
	"\x72\xf9\x70\x83\x55\xee\x2a\x5d\x2a\x1a\x5f\x2f\x20\xe1\x39\x75"
	"\x98\xb1\xb4\x6a\xbe\xdb\x1e\x5e\xf7\xda\x53\xd4\xcd\x60\xf8\x4f"
	"\x76\xfb\xfd\xf6\xb0\x9d\xfc\xfd\xbc\xff\x73\xbb\x7f\x7e\x7d\xfa"
	"\xfc\x32\xf9\xeb\x61\x3b\x39\x7c\xdd\x4d\xb6\x8f\x07\xe8\xb7\x3d"
	"\xc0\xb4\x5e\x26\x5f\xf6\xdb\x6f\x3b\xc4\xf2\x1e\x9b\xb4\x54\x80"
	"\x90\x6e\xca\xf6\xf2\xec\xe2\x7c\xf6\xc9\x7f\x3f\x32\x42\x3f\x9e"
	"\x84\xce\xa7\x17\x71\xe8\xec\xd3\xfc\xe3\x59\x14\x7a\x7e\x36\xfd"
	"\xf8\x21\x0a\x9d\x7f\xf8\xa8\xc7\xb5\xe4\xa2\x0b\x3f\x9f\xcf\x3e"
	"\x05\xd5\xa7\x8d\x36\x9b\x9e\xcd\x3f\xce\x2e\xe3\x74\x66\x67\x97"
	"\x17\x97\xd3\x8f\x6f\x13\x9a\x5d\x5e\x5e\x7e\xb4\x03\xb6\x64\xcd"
	"\xa0\xbd\x87\x9f\x9d\x9d\xdb\x8b\xf1\xa1\xe7\xb3\x0f\xf3\x38\xf4"
	"\xe3\xfc\xc3\x45\x14\x7a\x3e\x9d\xcd\x2c\xca\x9a\x5d\x72\x52\xac"
	"\xb8\xb0\x56\x39\x3d\xf7\x37\x12\x9f\x0b\x10\x70\x85\x2a\x30\xc2"
	"\x69\x0d\x2a\xbd\x55\x45\xc2\xde\xa4\xf3\xc9\xc3\xb8\xce\x72\x38"
	"\xe3\xe9\x80\x32\x9d\x5e\xbc\x31\x19\x3a\x9b\xce\x67\xfe\x6c\xe6"
	"\x2b\x9d\x92\x93\xc7\x07\x31\xbb\xe8\x40\x11\x65\x88\x38\x17\xf3"
	"\x00\x8e\x83\xb1\x26\xe6\x0d\xd1\x79\x80\x65\x7a\xd8\xfc\xf2\xad"
	"\xee\x57\xe7\x9f\xdc\x88\x7b\x82\x4e\x74\x05\x06\x6e\xc8\xf7\x35"
	"\x3e\x5c\x99\x3a\x8e\xb5\x6e\x93\x65\x28\x0e\x5e\x09\x5d\x20\x77"
	"\x75\xe9\x3f\x90\x71\xca\x4d\x8d\x51\x6f\xf4\x5c\xf7\x10\xa1\xc3"
	"\x7b\x0b\x47\xc0\x5f\x6b\x3f\x79\x09\x83\x82\x9d\xc9\xaf\x80\xcf"
	"\xa7\x56\x85\x76\x13\xac\xf8\x5b\x72\x8c\x1b\x82\xc3\x77\xe7\xa5"
	"\xb2\xfa\x8a\xe0\x68\x82\xb0\x47\x58\xf3\xa2\xa9\x14\x11\xa1\x62"
	"\xb1\x0e\xc7\x2e\x2a\x30\x9d\x74\x74\xde\x0a\x99\xdf\x21\x23\x7a"
	"\x45\xe8\x67\x11\x6b\x1d\x40\xe7\xd3\x28\x08\xe8\x4c\x43\xeb\xbc"
	"\xbb\x9a\x8d\xaf\xc3\xcc\x99\x2d\x05\xd6\x91\xc7\x3c\xeb\xae\xe8"
	"\x04\x78\x50\x1b\x22\x81\xec\x84\xd9\x3b\x73\x1a\xf8\x5e\xa9\xf0"
	"\x49\xe9\x80\x24\xc0\xbb\x83\x8b\x82\x8f\xaa\x3e\x3a\xa3\xbc\xa0"
	"\x69\x9f\xe3\x6f\xbd\x01\xc6\xac\x4f\x9d\x57\xf8\x1a\x8e\xd9\xc5"
	"\x3c\x1b\xaf\xda\x66\x8c\x01\x8d\xeb\xc3\x74\x1f\xc8\x87\x5c\x86"
	"\x72\xdf\x3a\x17\x58\x97\x99\x29\xca\x09\xac\x3d\x25\xb0\x85\xad"
	"\x89\x52\x38\x49\xbd\x93\xb3\x1e\x97\x5c\x92\xaa\x21\x21\x88\x9f"
	"\x7c\x34\x74\x6a\xfd\x8a\x44\x85\x28\xd1\x1b\xbc\x06\x34\x04\x5a"
	"\xc3\x3f\xe5\x50\xcd\x7b\x02\xe3\x78\x50\x2f\x68\x5e\x71\x2c\x21"
	"\x57\xce\xfc\xba\xa9\x31\x0c\x38\xfa\xd1\x36\x4d\xa6\xeb\x61\x5e"
	"\x64\x55\xb0\x13\xa1\x88\x68\xe4\xbe\xbb\xed\xdd\x8c\xa3\xe0\x3e"
	"\x66\xc5\x2b\x2f\x22\xe5\xa2\x81\xb0\xd0\x02\x04\xe7\x12\x42\xf2"
	"\xc5\x89\xac\x0b\xa6\xda\x5a\x99\x88\x1f\x0a\xb2\xb9\x93\xbc\x4c"
	"\xdd\x50\x78\xe0\x21\xd0\x89\x17\xac\x09\x88\x00\xb7\xf8\x72\x25"
	"\xcb\x13\xf1\x38\x7d\x92\x25\x96\x11\x00\xb9\xab\xf9\xf4\xd3\x45"
	"\xf8\xde\x76\xcb\xc9\x09\x2b\x1a\xb7\xee\xd5\x85\x44\x92\x2d\xc7"
	"\xb9\xf2\xb8\xcb\x86\x57\x05\xab\x0f\x6a\x5d\x34\x1e\x8e\xa8\x16"
	"\x94\x54\xfa\xb2\x04\xc1\xb9\xe0\x40\xc2\xeb\x3c\x04\x63\x9d\x7a"
	"\x58\xf8\x8c\x96\x39\x23\x0c\x26\x4d\xe4\x95\xf5\xb4\xe0\xae\xe6"
	"\x3c\x1c\xd0\xb8\x4b\x9a\x90\x67\x73\x27\xcb\x5e\xd4\x8d\x52\xbe"
	"\x7b\x5a\x09\x9b\x5f\xc7\x72\x30\x7d\x3f\xfd\x6c\x34\x40\xb7\xcf"
	"\x85\xea\xc7\x9b\xe0\x8f\x01\x9b\xd9\x57\xce\xd4\xf4\x83\x34\xab"
	"\x30\x71\x82\xe9\x54\x41\xd3\x82\x30\xc7\xdd\x30\x05\x53\x58\xd9"
	"\xdf\x97\x4c\x44\x5e\x16\x60\x91\xa9\x9e\x88\x7c\xbb\xce\xa3\xa6"
	"\x69\xd3\xbf\xd5\x45\xd2\x7e\xed\xdd\x1b\x70\x7d\xc9\x0b\xbe\xe9"
	"\x19\x6b\x85\x8f\x94\x85\x5b\x24\x8f\xa5\x57\x81\xe5\x98\x7c\xab"
	"\xd9\x35\xe0\x81\x52\xe7\x89\xef\x78\x45\xa3\xf6\x0a\x22\x60\xf4"
	"\x55\xbf\x9a\xf5\x6d\x2d\x04\x9a\xe7\xb4\xba\x28\xaa\x44\x51\xf9"
	"\xc9\x2d\x80\xe8\xe5\xa8\xf3\x50\xb0\x2b\x4f\x72\x0e\x9c\x08\x82"
	"\xe5\x27\xe1\xed\xed\x80\x7e\xd9\x49\x38\x59\x41\x6f\x22\x6e\x50"
	"\x2a\x88\x5c\xea\x6a\xb0\x20\xf8\x86\x46\xf2\x58\xab\x62\xde\x2e"
	"\x9a\xf0\xab\x53\xb3\xa3\xf8\x36\x06\xb7\x91\x0b\x70\x03\xad\x27"
	"\xe8\x4d\x85\xd2\xa3\xab\x35\x00\xc3\x98\x16\x53\xf7\xb5\x22\xad"
	"\xda\x04\xee\xbe\x7e\x10\x4c\x33\xe6\x17\x4e\xe9\x1a\x64\xad\x2d"
	"\x0a\x72\xcb\x1b\x75\xc2\x72\x95\x32\xc9\xa2\xa7\xa8\xc8\x62\x81"
	"\x05\x8a\x28\x11\x89\x6d\x9b\x03\x78\x7d\x69\xd5\xe4\x5b\x67\xb4"
	"\x01\x05\x56\x36\x85\x27\x59\xd3\x7a\xf6\xa1\xed\x0a\x7b\x43\x70"
	"\x49\x15\x98\xb1\x21\x48\x37\xcd\x4d\xab\x54\x22\xa6\x70\xa6\x55"
	"\x1f\x80\x07\xc8\x5f\x97\xbf\xcd\x26\xdb\xfd\xfd\xd7\x87\xc3\xee"
	"\x1e\x3c\xd0\xed\xe3\xe4\xcb\xe8\x8a\x3a\x14\xc0\xca\x20\x79\x96"
	"\x94\xc7\xbf\x43\x50\x1d\x5b\xe4\x05\xb0\xae\xc9\x55\x9c\xb2\xfa"
	"\xd7\xae\x98\xb4\x26\x75\xf6\x93\x93\x6a\x08\x3f\x1e\xbc\x2e\x69"
	"\x19\x3d\x92\x3e\x07\xaf\x4d\x95\xb6\x20\x62\x41\xfd\x15\x75\x28"
	"\x75\x61\x1b\x53\x82\x62\x59\xa1\x72\x2d\x8b\xa1\xca\x49\x17\x6f"
	"\x84\xda\xfb\x82\x15\xba\xd0\x79\x62\x53\xa7\x6e\x22\x7d\xcf\x30"
	"\xbd\xe7\xef\x98\xf7\xb0\x96\xd5\xa5\xe4\xac\xe7\x14\x98\xe2\xc3"
	"\x88\x97\x55\xce\x9d\x5b\x9c\x94\x95\xce\xab\x40\xf3\x96\xcd\xac"
	"\x03\x64\x38\xf0\x04\xe6\xae\x54\xd2\xb2\xd2\xd3\x6d\x81\x0e\xdd"
	"\x85\xe9\xeb\x13\x70\xc6\xdd\x4b\x8e\x20\x7d\x50\xe8\x1d\x26\xa6"
	"\xc0\x74\xdf\xb0\x64\x10\xb7\x1c\x0e\xa5\xb1\x3c\xd6\x70\x66\xde"
	"\xa2\x9d\x81\x75\xb3\xa6\xc2\x7b\x94\xa2\x37\xae\x79\xd9\xed\x5f"
	"\xbe\x6f\xef\x77\x93\xdf\x1f\x9e\xb6\xfb\x1f\x13\x5d\x90\x7e\xb0"
	"\x36\x11\x8b\x6d\x4a\xbc\xf5\xf9\x51\xf9\x55\x08\x04\x1f\xdd\x9b"
	"\x02\xab\x00\x1c\xf3\xc4\x58\xa7\xda\xdb\x23\x58\xd4\xd6\x3d\xf4"
	"\x0b\xed\xa2\x21\x2b\x53\xc1\x6a\x75\x64\x19\x92\x98\x08\xe9\xba"
	"\x95\x4c\x86\xca\xdb\x71\x12\x6e\x0d\xed\x90\x86\x35\xc1\xaa\xe7"
	"\xbf\x77\xfb\xc9\xb7\xed\xd3\xf6\x8f\xdd\xb7\xdd\x53\x80\x9b\xba"
	"\x2a\x34\x4b\x4c\x98\x06\x2b\x15\x67\xa5\xa3\x0d\x48\xae\x18\x18"
	"\x38\xb7\x55\x58\x96\x2f\x59\x02\x07\x4d\x22\xc9\xe2\xba\x6c\x65"
	"\x41\xa9\x35\xe3\xbe\xa5\xfb\xe1\x88\x51\xc2\x96\x3a\xc6\xab\x61"
	"\x61\x42\x1b\xb2\xa2\x5e\x6a\xd1\x6e\xed\x7e\xc0\x60\xea\x90\x1c"
	"\xa1\x8b\x34\x48\xd5\x9b\x42\xcc\xc0\x02\x10\xaf\xdd\x55\x38\xe5"
	"\xd3\xf0\x3d\x54\x7c\x0d\xa1\xf8\x81\xf0\xe6\xba\xad\xf9\x06\xe5"
	"\xf4\x50\xcb\x17\xaf\x9d\x3b\x26\x15\xd8\x42\x1f\x83\xe7\xce\x63"
	"\x3d\xb3\x30\x37\xa3\x37\x1c\x13\xbe\xed\x91\x2c\xe0\x8f\x76\xe7"
	"\x6d\x81\xfb\x87\xd9\x1d\x67\x95\x03\x67\xf5\x61\x49\x84\xb1\xcf"
	"\x8f\x3b\x4b\x5e\xc1\xe8\xdd\xeb\x70\xaf\xc5\xbc\x62\xaa\xf1\x41"
	"\xbe\x60\x6b\xf3\x38\xc3\x09\xbd\x68\xa4\x05\x5f\x83\x10\xce\xbc"
	"\x5c\x4f\x08\x0b\xac\x1c\xcb\x10\x02\xf9\xa0\x21\xfa\xa7\x4b\xa4"
	"\xa5\xd1\x86\x39\x4e\x32\x3f\xac\x0d\x50\x24\xe9\x3f\x66\x37\x51"
	"\x14\x4a\x33\x39\x0e\x08\x96\x4e\x1d\x7a\x4f\x8d\xc4\xf3\xfd\xee"
	"\x3f\xaf\xbb\xa7\xfb\x1f\x93\x97\xfb\xad\x5b\x2e\x88\xfd\xe1\x6a"
	"\x5d\xbb\xbb\x81\x2d\x7a\x09\x44\x29\xd1\x9a\xf7\x93\x21\xb0\xff"
	"\x5c\x7a\x00\xe2\x22\x03\xcd\x68\x95\xc9\x40\x7b\x2f\xb2\x90\x66"
	"\xec\xe1\x5b\x10\x17\x99\x56\x82\xc0\x0a\x5b\x71\xa1\x2e\x58\xed"
	"\xaf\xdf\x45\xfe\x7c\x17\x0e\x2a\x09\xe6\x93\xfd\x7c\x0f\x7c\x34"
	"\x4d\xc5\x5a\x5b\xe6\x3f\xdf\x4b\x07\x7d\xf0\xd5\xf1\xcf\x77\xd1"
	"\xbf\xdf\x43\x52\x7f\x9c\xd0\x59\xb9\xfb\x1a\xc4\xe8\x77\x33\x02"
	"\x1f\xb6\x2e\x02\xef\xf7\x29\xca\x2c\xe3\xa6\xb8\x28\xfa\xf1\x7b"
	"\xa4\xd7\xb0\x29\x41\x66\x38\xb1\x07\x03\xf7\x7f\xf1\xb9\x3f\x94"
	"\x1d\x01\x44\xb3\xb9\x2a\xb6\xf9\x06\xdc\x94\xe5\x6d\xcc\x3e\xd4"
	"\xa1\xd9\x82\x61\xa2\xba\xef\x10\x45\x5d\x31\xb1\xda\x70\x9e\x9d"
	"\x44\x1c\x96\x59\xca\x70\x5e\xe9\x9a\x0b\x76\x1d\x22\x31\xbe\xd4"
	"\x3d\xb2\x27\xa0\x0d\xec\xb5\x15\x96\x40\xc8\x2e\xfc\x6d\xbd\xeb"
	"\x05\x5f\x49\x38\x4f\x93\xb0\x91\xf6\x6d\x7a\xc7\xaa\xdd\x01\x73"
	"\x37\xb8\x91\x47\xea\x1b\xb8\xc3\x2b\x11\x30\x2d\x6d\xc6\x48\x48"
	"\x6d\x61\x85\x9b\xf3\x7a\x10\x2b\xe8\x7c\xdc\x31\xf8\x51\x84\x2c"
	"\x99\x9b\x5c\x58\xca\x04\xbf\xf4\xaf\x62\x79\x4d\xdd\xe3\x54\xbb"
	"\x49\x33\x4e\x4e\x5c\x39\xa3\x21\xb2\x49\xf0\xf1\x13\x4b\xc3\x67"
	"\xad\x71\x4c\x30\x89\x46\x26\xa4\x25\x20\x93\x0a\xdc\x09\x7f\xd4"
	"\xba\xf3\x68\xad\x0d\x5e\xd1\x5b\xe7\xc7\x4a\x4c\xd3\x89\x21\x98"
	"\x73\xb2\x60\xfe\x68\xd5\xe5\xfe\x26\x0b\xb4\xf6\x25\x9b\x2d\x98"
	"\xb0\xca\xab\xf7\xc2\x37\x3f\x09\x16\x75\xd0\x68\x34\xa2\xa7\x8b"
	"\x2a\x51\xfb\x11\xd2\xa3\xa0\xc9\x76\x38\x44\x2d\xc3\x24\x0c\x12"
	"\xe8\xd3\x84\xdb\x1e\x07\x40\xea\xaa\xf6\xbf\xdb\x6c\x99\xd6\xde"
	"\x28\xd8\x8c\xa1\xca\xb0\x33\xde\x21\x08\x22\xc2\x70\xcd\xd5\x35"
	"\xab\x23\x0f\xd9\x59\xbd\x40\xc3\x19\xdc\xd0\x1b\xef\x26\xd4\xf8"
	"\x72\xbd\x72\xd3\xe8\x43\x8f\xd8\x54\x4a\xbd\xda\xe0\x4b\xe7\x0a"
	"\x6e\x20\x5f\xb1\xa3\x1b\x57\xaf\x15\x73\x9b\x9a\x2c\x36\x76\xce"
	"\x9b\xe8\x22\x01\x36\x4e\x5a\x46\x98\xa6\x25\x4b\xfb\x49\x3c\x5e"
	"\x6e\xe9\xee\x77\xd7\x06\x16\x5b\x1e\x29\xb6\x67\x66\xda\x2e\x1b"
	"\xeb\x46\xcd\xe0\xc3\xcc\x6d\x48\xb0\xd1\xdc\x23\xfc\x21\x35\x13"
	"\xd6\x74\x7f\x50\xcf\xc3\x38\x4d\x20\xa1\xd4\xef\x8b\x62\xc4\x9f"
	"\x45\x5a\x87\x9a\x71\xbf\xbb\x66\x77\x1f\x04\xd9\xc4\x24\xd7\x30"
	"\x04\xf0\x0e\x3e\x26\xfb\x1f\x65\xd7\xd6\xe3\xb8\xad\xa4\xff\x8a"
	"\x71\x9e\x12\xe0\x2c\xb6\x6d\x77\xbb\xed\x03\xe4\x81\xa6\x28\x9b"
	"\xd3\xba\x59\xa4\x6d\x79\x5e\x84\xce\x8c\x93\x34\x76\x2e\x41\x77"
	"\xcf\x39\xc9\xfe\xfa\x65\x51\x92\x4d\x52\x2c\xd2\x1b\x60\x26\xe3"
	"\xaa\x12\x45\x52\xbc\x54\x15\x8b\x5f\x59\x13\x18\xde\xa3\xfe\xb9"
	"\xb9\x4c\x40\x1f\x98\xce\x20\x43\xf7\x6b\x33\xf6\x65\xd8\xde\x07"
	"\xfe\x2f\xff\xf8\xf4\xe3\xd7\x97\x4f\xff\xb0\x4b\xcf\x93\x07\xc1"
	"\xbd\xf5\xaa\x0e\x0b\x73\x52\x1d\x16\xfd\xe4\x07\xbf\x51\xea\xe3"
	"\xb4\xf6\x45\x0f\xcd\xe8\x30\x06\x60\xf9\x6a\x13\x92\xd8\xdd\xb5"
	"\x18\x8d\xa1\x85\x6f\x10\x2d\x6e\x18\x45\x8b\xf1\x30\x82\xb7\xe7"
	"\xbc\x5a\xd8\x6b\x80\x22\xf2\x8c\xa0\xa5\xa0\xe3\x6e\x81\x50\xa3"
	"\x23\x6f\x11\x19\x7a\x8b\xf1\xd8\x73\x5a\x7f\xe5\xeb\x5e\xee\x51"
	"\x1b\x30\x3b\x54\x37\xd1\x5a\x08\x34\x45\x70\x39\xea\x08\x45\x6b"
	"\x17\x75\x82\x15\x52\x24\xca\x36\xd7\x27\x28\xf2\x54\x31\xa7\xbc"
	"\xf1\xaa\xa2\xc9\xf8\x82\xa6\x98\xd8\x9a\x33\x30\xfb\x42\xb1\xfa"
	"\x8c\x77\x10\xab\x31\xfb\x35\xdc\x09\x11\xa3\x2a\x8d\x17\x52\xa7"
	"\x17\xd8\x66\xd1\x66\xc7\xf1\xbb\x3d\x62\xdb\x9c\x50\xff\xf2\xef"
	"\xdc\xe9\x55\x14\xf0\xf8\x80\xdb\x39\x27\xf5\x93\xbb\xfa\x56\xb2"
	"\x82\x1b\x9a\xca\xfa\x4c\x4f\xd8\x32\xac\x9f\xaf\xb6\xa7\xce\xd6"
	"\x91\x24\x77\x4f\x25\xae\xa2\xee\x9d\xdb\x0b\xc9\xbc\x6a\x31\xf8"
	"\x5d\x6a\x9e\x6c\x98\xf1\xd4\xd7\x5e\xc1\x85\x60\x2d\xa5\x91\xfd"
	"\xf6\x02\x01\x36\x18\x94\xeb\xb5\x64\x9f\x7e\xd7\xb3\x7a\xc5\xd0"
	"\x69\xb4\xcd\xc4\x90\xc1\xc6\x82\x3a\xd8\x3a\xf0\x1a\x40\x80\x32"
	"\xd8\x00\x92\x51\x14\xfa\xe8\xc4\xa2\x6a\x4c\xa9\x11\x02\x5c\xcf"
	"\x50\x45\x25\xec\xe0\xab\x8e\x51\x5c\xdb\x7f\x49\x1f\xcb\xf7\x9d"
	"\x4d\x3e\x78\xea\x45\xac\x7c\x38\x45\x31\x0f\xa9\x2d\xe6\x18\x4f"
	"\xc2\x62\xc3\x20\xc1\x5c\x6d\x23\x41\x3d\x9a\x90\xda\x48\x7d\xeb"
	"\xb7\x6c\x13\x4a\x2b\xbb\x2a\x03\x67\x63\x1e\x93\x9b\x0c\x41\x25"
	"\xf2\x88\xda\x17\x95\x39\xc3\x90\xa6\x11\xb0\xf5\x08\xc2\x4c\xdd"
	"\x32\x2f\x9c\xed\x7c\x36\x47\x58\xbc\xa6\x08\xc7\x03\x39\x68\xf1"
	"\xd5\x48\x58\xf3\xd2\x45\x37\xb2\xbf\x75\x81\x76\xde\xf5\x53\x56"
	"\x68\xb5\x05\xb1\xc3\x4f\x6c\x26\x8f\x16\x2d\xd3\x71\x2f\xfb\x66"
	"\x9c\xc9\x08\x0f\x8f\xd1\x8c\xda\x64\x7b\xc0\x8a\xf2\xd7\xa4\x20"
	"\x76\xdf\x15\xda\x14\x64\x16\xc6\x4a\x4f\x46\x46\xd2\x95\xe5\x1b"
	"\x17\x57\xee\x68\x3c\x01\xcb\x33\x58\x80\x9c\x7a\x44\xbb\x51\x60"
	"\xf6\x08\x50\xd1\x2e\x06\xa6\xf4\x95\x03\xc7\x64\x35\xb3\x11\xbc"
	"\x14\xab\xdb\x86\x82\x6b\x58\x73\xd9\xaa\xf4\x1a\xdb\xbc\x6b\xa4"
	"\xb9\xc9\xa7\xef\x5f\x7f\x7d\xf9\x76\xfe\x3c\xe9\x81\x74\x7d\xeb"
	"\x6b\x23\xdd\xf5\xc6\x64\xc1\x70\xe8\xd9\x56\xc9\xef\xcf\xaf\xbf"
	"\x9f\xdf\x2d\x87\x84\xf5\x9c\x84\x43\x1f\xd9\xa1\xb0\x46\x06\xc3"
	"\x55\x5a\xc3\x84\x89\x7d\x1e\x69\xea\x45\xbc\xdf\xd8\x90\xaa\x0f"
	"\x52\xd7\x16\x44\xa4\xae\x6b\x6b\x48\x50\x86\xf9\x89\xb0\xad\x41"
	"\x9f\xcc\x36\xbb\xb9\x4b\xb6\x50\xa3\x1b\xfb\x03\xbc\xaa\x1a\x55"
	"\x29\x5c\x43\x8d\x24\x6b\x88\x06\xdf\x9f\x79\x2d\x01\xaf\xa4\xb5"
	"\x3b\x7a\x04\x02\x7d\x6b\x4f\x75\xcf\xb3\x05\xe0\x72\x55\x11\x99"
	"\x34\x5a\x85\x22\x45\x37\x79\x43\xa8\x1c\x36\xf5\x60\xcf\x80\x9f"
	"\xc3\x7f\x6e\xee\x95\xbe\x4e\xed\x80\x94\x64\x91\xba\x01\xb0\x4e"
	"\x13\x19\xf0\x0e\x28\x9a\x4f\xe4\xa6\x91\xae\x8c\xb6\x5c\x88\x58"
	"\x37\x28\x29\x65\x28\x00\x74\xc0\xf8\xa2\xc5\xb0\x58\x7c\x7d\x7e"
	"\xff\xf4\xc7\x19\x5f\x2c\x72\x22\xe1\xb6\x50\x92\xd4\x60\x00\xc4"
	"\x7a\xb4\x93\x76\x40\x0b\x3d\x12\x63\xfc\xc8\xa0\x74\xb6\x17\xd2"
	"\x7b\x42\xe2\x13\x56\xfa\x5d\x17\x3b\x17\x2c\x52\xad\x29\xeb\x93"
	"\x44\x82\x72\x91\x07\x30\x60\x27\x4c\x5c\x9f\xd0\xfd\x1d\x91\x0a"
	"\x7c\xec\xab\x50\x78\xd4\xf7\x72\xd5\xfe\xd6\xc6\xc0\x6e\x7c\xb3"
	"\x2c\x3b\x60\x60\x9f\x3e\x69\x41\xab\x60\x6b\x18\x2d\xc2\x7c\x11"
	"\x7e\x1e\xa0\x05\xe2\x1d\xeb\xc2\xec\xfb\x44\xb2\x48\x7f\x76\xce"
	"\x84\xdb\x9a\xcd\x2b\x65\xf8\x6f\x58\xa4\xc4\x6c\x26\x6f\x2c\xcf"
	"\x4d\x3b\xe0\x13\x89\x76\x82\xb2\x53\x23\xfc\xc8\xc8\xeb\x8c\xed"
	"\xce\x9b\x11\x6a\x57\x91\xba\x86\x5c\x48\xba\x14\xe9\x6d\x9d\xe0"
	"\xdc\xc8\xf5\x48\x74\x5e\xf5\x48\xed\x20\x28\x13\x31\xec\x3c\xc2"
	"\x4f\xd2\x76\x74\x78\x64\x76\xfb\xd2\x84\x56\xc5\x24\x66\x37\x88"
	"\xf4\x3b\x73\xa8\xfa\x9e\xbd\x2c\x28\xce\x48\x96\xdf\x2e\x4c\x59"
	"\x71\x73\xd1\xa0\x8a\xdf\xd6\x8b\x80\x43\xcb\xc2\x83\x73\x94\x73"
	"\xc3\x2b\xa1\x9d\x86\x11\xa9\xda\x81\x43\xf7\x08\x75\xdb\xe5\x6d"
	"\x75\x07\xd5\x2b\xf8\xc6\xbd\x8d\x03\x0d\xd1\x22\x4c\x62\x1e\xfc"
	"\x83\x18\x27\x38\xa8\xfe\x75\x83\x8f\x25\x05\xd7\x6d\x4d\xb4\xe3"
	"\xe9\x1e\xb3\x70\x5d\x56\xd7\xef\x63\x7a\x02\x78\x01\x1d\xd1\xf5"
	"\x7a\x38\x07\x1d\x36\x73\x54\x50\xcd\x3e\x40\xb8\xfb\x88\xae\x2d"
	"\x2d\x1f\x31\x27\x42\xa9\x75\x35\x49\x98\x9f\xef\xf7\x26\x68\x4e"
	"\xe5\xb1\xc2\x6c\x73\x5f\xf5\xaf\xa2\xf3\x6a\xec\x0b\x04\x7a\xaf"
	"\xb9\x6c\xfd\x74\x6b\x1f\x32\x19\x75\xe5\x7a\xd2\x4c\xae\x34\x71"
	"\x70\x3b\x86\x5f\xfc\xa2\x5b\x7e\x70\x8c\x46\x8b\x2d\x4e\x85\xd6"
	"\x1a\xfd\x67\x5d\xae\xa1\x6d\x3d\x7a\xed\x59\xb4\x74\xf5\x30\x2c"
	"\x66\x7d\x10\x1e\xfa\x0e\x44\x8f\x77\xda\xe1\xea\xc8\x43\xaf\x14"
	"\x9b\x0c\xaf\x41\xaf\xb9\x71\xf4\xb0\xed\x2a\xaa\x3e\x48\x5c\x48"
	"\x75\x3f\xda\x8c\x9a\x1c\xdd\xda\x29\x5d\x7a\x0f\xa0\x3c\x2e\x5d"
	"\x0d\x7a\xff\x98\x21\xd8\xd7\x57\x8c\x6b\x5b\xfb\x69\xfc\xef\xc5"
	"\xff\x77\x22\x2f\xf0\x89\xbc\x40\x26\xf2\xc2\x37\x91\x17\xc8\xa4"
	"\x5c\x8c\xbc\x9d\x3d\xd1\xf5\x7f\x00\xd9\xdb\x91\x0b\x67\x46\x19"
	"\x9f\x61\x61\x4e\x2a\xe4\x53\x19\x32\x6c\xcf\x17\xf7\x71\x31\xe8"
	"\x9a\xb8\x14\x98\x31\x71\xa9\x6d\x16\x97\x81\x96\x77\x71\x8c\x71"
	"\xd9\x7c\x8b\xf7\xd1\x68\xb1\xf0\x17\x51\xcb\xd0\x6b\xbc\x3e\x07"
	"\x5b\x64\x3c\x1c\x17\x91\xe5\x65\x71\xeb\xfa\xb2\xb0\x26\xb0\x4d"
	"\xee\x26\x93\x5b\xea\x30\x9f\x42\x6d\x2a\xbc\x97\x22\x86\x13\x87"
	"\xb4\x65\x6b\x77\xea\xf5\x3c\xc5\x00\xcf\xec\x5e\x5a\xcb\x89\xc1"
	"\x94\x7d\x67\xf8\x43\x49\x4d\xb9\x02\xb9\x53\x6e\x08\x2d\xef\x66"
	"\xed\x3c\x26\x44\xf2\x12\x03\xe2\x32\x84\x90\x50\x01\x43\x84\xdf"
	"\x20\xb1\x88\x89\x68\x85\x3f\x26\xe4\xba\xa4\x7c\x32\xbd\x8e\x1b"
	"\x13\x13\x32\x5a\xeb\x43\x86\xa0\x43\xd8\xdd\x53\xb3\x2a\x3b\xc5"
	"\xe4\x92\x1b\x3e\x1a\xb4\xae\x8d\x4a\x0d\x7b\x55\xb4\x81\x37\xbc"
	"\x51\xad\xa1\x31\x11\xed\xdb\xc2\xb6\x2e\xd7\xd2\x36\x94\xc6\xce"
	"\xb1\x6d\x5c\xac\x95\x4a\x7c\xbd\x69\xcb\xf5\x07\x5a\x48\xef\x75"
	"\x5c\x79\x8d\xc7\xee\xa2\x3f\xf4\x61\x24\x1c\xdf\x8f\x4b\xf2\xc8"
	"\xa1\x28\x82\xe8\x13\x85\xff\x8e\x8e\x96\x8f\xd5\x20\xf4\x66\x33"
	"\xec\xa1\x7b\xb9\x13\x30\x51\x23\x09\x3d\x24\x96\xf7\x8c\x48\x9f"
	"\x6b\x1a\x2c\x6e\x03\xef\x49\xfd\x6a\x0f\x73\x87\xc0\x5d\x09\x66"
	"\x25\xfc\x33\x0b\xe8\xbe\xfa\x68\xe5\xe2\x9b\x5c\x7d\x4f\x00\xd8"
	"\x1a\x63\xd2\xea\xc0\x0e\x41\xdc\xc3\x5f\x45\xf2\x36\x03\x66\x14"
	"\xac\x4d\xd3\x1d\x02\x0d\x4f\x0b\xe6\xcd\x42\x97\x59\xc7\x1c\xea"
	"\xe7\x0c\x19\x92\x0d\x06\x77\x97\xf9\x17\x8e\x66\xe6\x87\x01\xca"
	"\x48\x85\xa0\x90\x6c\xcb\x02\x31\x88\x16\x59\x79\xac\x90\x25\x83"
	"\x33\xc6\xa0\xe1\x0f\xf7\x48\x6c\xd5\x00\x77\xa6\xb5\xaf\xdd\x8f"
	"\xf3\x8f\xf3\xcb\xb7\xdf\xff\xbb\x07\x5d\xeb\xc2\x90\xad\x2e\x16"
	"\xe0\x13\x5b\xef\xf0\xd2\xda\xad\x5c\xbb\xdf\x45\x93\x53\x41\x03"
	"\x4f\x01\xb4\x97\x1d\x61\x25\x06\x5f\xc9\xce\x57\x5c\x8d\x40\x3e"
	"\x0e\x7c\x91\xae\x23\xfc\x5d\x90\x2f\xd9\x2e\x0b\x0b\xac\xd3\x20"
	"\x7f\x13\xab\x61\x22\xd0\x6d\x65\x10\x51\xff\x67\x79\xb8\x90\xba"
	"\x0e\xf2\xf3\x1d\x74\x6c\x50\x84\x6e\x4b\x04\xf2\x6a\x90\xd8\x45"
	"\xfa\x8a\xc2\xad\xa7\xa0\x44\xba\xbb\x49\x28\xc8\xde\x6e\xc3\x1d"
	"\xee\x87\xc5\x1a\xb8\xd7\xa0\x8a\xf1\x83\x19\x02\x21\x74\xe9\xe4"
	"\xf1\x3d\x8b\x6e\x5a\x7c\x79\x7e\x7b\x7b\xf9\xed\xe5\xd3\x38\x94"
	"\x43\xd9\x68\xa3\x77\x29\x12\xdc\xe8\x42\x60\x6c\x06\x09\x49\x79"
	"\x91\xb0\x26\x28\xa3\xf5\x39\x6c\x46\x83\x40\x7a\xb4\xe7\x12\xd0"
	"\x1c\x0f\x4b\x4f\x42\x33\x25\xf5\x6c\x5f\x8c\x8d\xae\x82\x38\x54"
	"\xe1\x3a\x2a\x81\x45\xa8\x8a\x59\x79\xf4\x15\x4c\x03\x7e\xf1\xae"
	"\x0b\x47\xe7\x20\x97\xf2\x58\x1d\xac\x92\x36\x1e\xfc\xe8\xc2\x3a"
	"\xa2\x52\xf3\x9d\xb0\xea\x8b\xd7\x8c\x3e\x19\x79\x4d\x0d\x16\x75"
	"\x03\x85\x7b\xba\x3e\x08\xf1\x72\xba\x0f\x31\xa6\xe7\xcc\x71\x80"
	"\x0e\x8c\x3e\xa7\xac\xd3\x1a\x42\x5d\x0f\x32\x90\x3a\xef\x2d\x36"
	"\x13\x40\x60\xe3\x3c\xb8\x21\x5d\x30\xc9\x3a\xf0\x4c\xce\xeb\xda"
	"\x46\x95\x1d\x38\x82\xe4\x55\x86\x2f\x1f\x44\x9b\xd0\x32\xc8\xc7"
	"\x14\xc6\x4b\x8b\x58\xe0\x48\xbd\xab\x04\xc7\x8e\x14\x3a\xf6\xd3"
	"\x9a\x25\xdc\xdb\x5b\xd4\x39\x7c\x1f\x09\xa0\xca\xf8\x20\xa0\x86"
	"\x63\x90\x3f\x9c\x46\x85\x1b\xf0\xb4\xce\xcb\x24\xdc\x8b\x69\xb8"
	"\x97\xbb\x28\x3b\x88\x49\x0f\xce\x01\x5e\x24\x81\x55\x32\xe5\xa9"
	"\x75\xf5\x35\xa1\xfe\x5d\x34\x29\xe0\x46\xba\x28\x21\x09\xaf\x5f"
	"\x93\x57\x9a\x23\xd1\x78\xc4\xfe\x5b\xd8\x15\x2b\x0e\x63\xf0\xaa"
	"\xab\xc2\xd6\xb9\x6a\xd0\x73\x44\x1d\x4b\x83\xde\x41\x50\x23\x12"
	"\x7d\xb2\x2d\x10\x64\xfe\xad\x08\xec\xa4\xba\xa6\xce\x71\x87\x25"
	"\x91\xcd\xc1\x75\x08\x1e\x6d\xff\xa1\xc8\xae\x96\x86\xbb\x01\x7e"
	"\xe9\xf0\xcf\x96\x27\xbf\x4c\x2d\xaa\xc8\xad\x69\xa6\x69\x7b\xe1"
	"\xff\x0a\x9a\x09\x9f\x0c\xe7\x2a\xad\x1b\xae\xd0\xe2\xd3\xa7\xa0"
	"\x08\xf6\x5a\x9d\x6b\x8d\x5a\xa9\xb0\x01\xb6\x53\xb3\x81\x67\x66"
	"\x52\xac\x53\x9d\xe2\xd4\x0c\xe1\x6c\x2a\xe1\x49\xbf\xa7\xa3\x37"
	"\x31\x65\xc5\x90\xe9\x82\x60\xb0\x51\x5c\x43\x5e\x4b\x71\x6a\xed"
	"\x64\x5c\xeb\xdd\x38\xa1\x96\xe5\x0f\x81\xc4\x5b\xb2\x66\x24\xf7"
	"\x00\x80\x9b\xf1\xfb\x80\xd4\xe0\x9c\x11\xea\xa1\x7a\x68\x8b\x2c"
	"\x37\x13\xe9\xf6\x37\x70\x26\xef\xe7\xb7\x77\x8f\x1a\x5d\x3d\xc9"
	"\x0d\xc3\x17\x96\x04\x72\x84\xe4\x65\xc1\x65\xe9\x1f\x95\x5b\x92"
	"\xd7\x24\xc1\x3a\xcb\x8b\x3b\xb5\x36\x71\x53\xc0\x29\xc4\x12\xcb"
	"\xc3\x06\x36\x7e\x0a\xe7\xfc\xfe\x09\xad\x9e\x28\x58\x85\xf1\xb6"
	"\x3c\xa9\xbc\xef\x54\xf3\xca\x7a\xad\xed\xd6\xd6\x04\xc4\x28\x05"
	"\x5f\x02\xcb\x52\x37\x41\x78\x77\xcd\xfd\xcb\x8f\xf3\xfb\xf7\xef"
	"\xef\x7f\x4c\x3e\x9f\xff\xfd\xf2\xe9\xec\xbb\x2e\x06\xef\xa6\x7c"
	"\x2d\xb1\xd9\x33\xf0\x05\xd6\x8d\x9d\xc0\x9e\x20\xde\xc6\xfe\x79"
	"\x9a\xcf\xee\xe6\x4d\x48\x22\x0d\xd7\xe0\xb0\xa5\x1c\x63\xe7\xf5"
	"\xc1\x9b\x0b\x41\xe4\xc0\xd5\x97\x01\xcd\xde\x4d\xe1\x5e\x34\xcf"
	"\x3d\xa4\xf6\x48\x8b\xf9\x6a\x65\xc1\x63\x91\x54\xcd\x96\x1a\xb3"
	"\xfc\xd3\xf6\x89\xfa\x87\x42\x6c\xa2\xc0\x9d\xa5\x7a\x6f\x39\x23"
	"\x8f\x1c\x32\xd9\x0b\x0f\xa5\xb5\x74\x9b\x23\xd3\x11\x78\xe6\xc1"
	"\x95\x26\xd9\xc9\x71\x35\x49\x54\xa7\x91\x10\x3f\x98\x98\xde\x1b"
	"\x30\x7c\x0d\x48\xb9\x22\xd3\x04\x9d\x72\x3e\x2f\xed\x13\x9e\x41"
	"\x1a\x96\x6f\x96\xa9\xed\xa9\x6e\x8f\xa4\x2e\x94\xd5\xe0\x3b\xe0"
	"\xbc\x48\x53\x06\x09\xb6\xfa\xb4\x67\x6d\x59\x98\x79\xbc\x2e\x42"
	"\x35\x53\x3f\x58\x96\x41\xe2\x23\x35\x51\x9c\x58\x63\x4b\x0c\x72"
	"\xdf\x34\x00\x14\xc5\xeb\xd0\x6b\x07\xa7\x52\xe5\x7b\x9d\xbe\x32"
	"\x07\x59\x56\x54\x81\xc9\xda\xfb\x2a\x5a\x27\x64\x80\xb0\xf1\xaf"
	"\x20\x83\x24\x74\xac\xdf\x51\xc1\xd7\x5a\x02\x83\xf0\x1f\x31\x1d"
	"\x16\xa8\xd4\x3a\xec\x44\xc3\xad\x68\xf8\x2f\xe3\xd6\xfd\x91\x2b"
	"\xaa\x6f\x67\x49\x01\x1f\xc7\xdc\x5c\xe0\xb7\x75\x53\xbd\x27\xc1"
	"\xb2\x62\xb9\xbe\x3a\x32\x2f\x2a\x24\x56\xb7\x17\x00\xd4\x3b\x74"
	"\x59\x5e\x21\xf8\x4c\x84\xfb\x75\x40\xca\x2a\x08\x29\x41\x3c\x11"
	"\xa9\xd7\x1f\x92\xd2\xb6\xb0\x3d\x1e\x92\xa8\xbf\xfc\xb6\x71\x15"
	"\x51\xbf\x31\xa5\xd1\x77\x29\x63\x50\xed\x84\xec\x80\xd9\x8c\x84"
	"\x73\x75\xa9\x07\xf0\xc8\xa2\x55\x93\x05\x34\x31\xef\x67\x3e\x69"
	"\xa4\xa1\x5e\xc2\x71\xdf\xb1\xeb\x16\xdc\xa3\xdb\xea\x45\xdc\x7b"
	"\xb7\x9e\xe4\x6b\x72\xc9\xae\x73\xfe\x76\x7e\x7d\xf9\xd4\x0b\x4e"
	"\xca\xcb\xd5\xd6\x6b\x87\x64\x44\xc2\x15\xea\x11\xd6\xef\x70\x79"
	"\xb5\x4b\xed\xe8\x46\x32\x59\xe4\x16\xee\x49\x02\x56\x8a\xe1\x20"
	"\x3c\xc8\xbc\xf2\x66\x4e\x52\xc3\xb8\x48\x48\x56\x16\x56\xb2\xd1"
	"\xae\xb8\x94\xd7\xb9\xce\x0d\xa1\x31\x48\x0c\xc8\xfa\xa3\x4e\xb1"
	"\x63\x56\xe0\x22\xca\x8b\x1e\xf4\xc4\xcc\xeb\x2a\x6b\x72\x91\x30"
	"\x40\x5c\x2e\xe5\x74\xf9\xf1\xdc\x46\x79\xd9\x66\x56\x91\x2b\x92"
	"\xd4\xb1\x1d\xc1\x8b\x0d\x33\x91\x68\xa0\x89\x83\x07\x37\x04\x90"
	"\xa7\x8e\x08\xcf\xa1\x3a\x59\x38\x3b\xec\x86\x40\x9a\x4e\xf5\x78"
	"\x8d\x44\x11\x76\x02\xb0\x86\xf7\xc5\xb4\x1d\xe2\x9c\xdf\xb1\x0d"
	"\x62\x04\x70\x47\x06\x61\x0d\x5e\xe5\xdf\xd6\x4e\xa2\xdd\x9e\x54"
	"\x17\x1d\xb8\x40\xb4\xae\x01\x31\x03\x2e\x7d\x77\xb9\xa9\x45\x00"
	"\xaa\x4c\xe7\x5e\x53\xc3\xd0\xc1\xcb\x32\xd9\x87\x7d\xa6\x7e\x90"
	"\x35\xcf\xb8\xb4\x6e\x9d\x2a\xa5\x12\xf4\x58\x13\x29\x68\x63\xc5"
	"\x11\x74\xbf\x5b\x6e\x66\x97\xef\x69\xc2\xcc\xd2\x78\xa1\xe5\x63"
	"\x62\x9e\x9b\x3e\xd7\xa1\xc4\x7a\x37\xa2\x1d\x69\x62\xd3\x01\x2b"
	"\x4c\xa3\x3a\x26\x90\x21\x3e\xb5\x8f\x6a\x81\x99\x32\x40\x63\xd3"
	"\x81\xb9\xbe\x35\x06\x12\x5a\xe5\xe4\x3a\xfd\x7f\x7b\xfe\xf1\xa5"
	"\x43\x8f\x7e\xf9\xfd\xc7\xf7\x1f\x6f\x93\xaf\xe7\xaf\xdf\x5f\xff"
	"\x9e\x3c\xbf\x9e\x9f\x27\x6f\x2f\xff\x7b\xfe\x97\x09\x66\x44\xf4"
	"\x7e\xd1\xe6\x3a\xd4\xf4\x97\xe9\x62\xc4\x51\x7a\xe3\xc0\x75\xc0"
	"\xef\x2e\x6c\x00\x79\x63\xb0\xb4\x22\xe0\x0f\x56\x51\xbc\xb8\x41"
	"\xc8\xbb\x61\x69\x50\xbd\x0b\x9c\xda\xd2\x1d\x03\x1d\xea\x7c\xa9"
	"\x8c\x95\x72\x73\xba\x60\x38\xa9\xf6\x77\x6a\xed\x9b\x9d\xbb\x22"
	"\x6f\x29\xe5\x80\xaa\x5b\xe5\x7b\x14\xb5\x40\x89\x3c\xfc\xf5\x57"
	"\x44\x04\x3b\x5f\xd4\x49\x23\xda\x0d\x17\x6b\x25\xe8\x33\xed\x34"
	"\x72\x2f\x5b\x73\xcb\x95\x08\xee\x17\x80\xb6\xca\x5b\x07\xf5\xfd"
	"\x6a\xcf\xf7\xa0\xf8\x6d\xf7\xdb\xaf\x34\x6c\xb9\xfb\xbc\x6e\xbe"
	"\xa2\x1b\xb0\xd9\x17\x30\x6b\x20\xf7\xca\xff\xdb\x18\x08\x1d\xbc"
	"\x2e\x3a\x8b\xa4\x7f\x1e\x17\x08\x3e\x7f\x2e\x7d\x76\x65\x22\x8d"
	"\x49\x56\x5a\xde\xc7\x32\x05\x3c\x04\x29\xfd\x71\xf1\x8a\x9b\x66"
	"\x80\xcf\x62\x46\xb9\x2b\x62\x07\x62\xe8\x65\x3d\x95\xeb\x0f\x16"
	"\x01\x82\xc4\x2d\xcd\xf9\x4a\xb3\x21\xfc\x15\xdd\x9a\xa3\xea\xb7"
	"\x85\x40\xa0\x7e\xe7\x89\x39\xe1\x15\xc1\x2d\x40\x63\xdd\x3b\x85"
	"\x00\x6a\x6a\x7d\x00\xc8\x62\x13\xb8\x54\x31\xc0\xae\xe8\xd6\x28"
	"\xb3\x3b\x3c\x00\x5b\x57\xe6\x5a\xb5\x98\xd5\x27\xf0\x2a\x38\x78"
	"\x81\xae\x2a\x6a\x67\xf0\xf2\xe5\x17\x2b\xf6\x4a\x5d\x5b\x23\xe7"
	"\x6b\x83\x10\x80\xd6\x0b\xa1\xea\x2e\x79\x35\x9f\x35\xbe\x29\xfa"
	"\xb1\x26\x46\xbb\xe0\x97\x7a\x32\xd9\x5b\xdb\x96\xa6\x1e\x6b\x2e"
	"\xd9\xda\x49\xc8\x39\x7a\x63\x42\xe8\x0a\xc9\xfe\x32\x88\xec\x73"
	"\xe4\x54\x67\x10\xa0\x90\xff\x53\xdf\xa8\xc4\xbb\x04\x52\xb4\x55"
	"\x76\xee\xa4\x81\xaa\x11\x4e\x3b\x74\x64\xb5\x38\x8e\x4b\x87\x04"
	"\x63\x65\xe6\x64\x2e\x1a\x37\xa4\x5e\x87\xb3\xaa\x15\x11\xbe\x78"
	"\x8a\xf0\x9b\x65\xa0\x79\xd6\x57\x31\x88\xd7\x86\x79\x78\xda\x8e"
	"\x58\x4e\x57\x33\x63\x25\x48\x00\x1a\xb3\x7a\x92\x34\x39\x24\xd8"
	"\x29\xad\x1e\xb5\xe0\x2c\x0b\x56\x38\xd6\x21\xb5\x68\x9a\x70\x8f"
	"\x1d\x72\x44\x57\x57\x8c\x36\xa5\x38\xaf\x8b\x3c\x1a\xaf\x8d\x2f"
	"\x6f\x9f\x7c\x7b\x85\x60\x85\xd2\x61\x00\xce\x4c\xcc\xb3\xc3\xdd"
	"\x0c\x69\x78\xf2\x30\x7b\x68\xda\xa4\x2a\xfd\x26\x91\x46\xd2\x81"
	"\xf5\x00\x39\x91\x56\xaa\x21\x92\x2b\x02\x92\x99\xf1\x92\xde\x23"
	"\xd1\x06\x69\xae\x95\x43\xff\x89\x35\x15\xab\xf9\x4c\xdc\xdf\xf9"
	"\x4d\x4b\xa5\x57\x64\xa5\xd8\xd7\xb0\xe9\xd6\x23\x0d\xec\xea\x1f"
	"\x53\x8a\x4c\x86\xf8\x45\x61\x0b\xa3\x25\x2f\xc0\xa4\xf1\xf7\x4b"
	"\x95\x88\x95\xb2\x52\x09\xe2\x46\xe6\x22\x9b\xad\xee\x90\x44\x3d"
	"\x1d\x73\xe6\x5f\x01\x86\xef\x22\x95\xd0\xc3\x43\x58\x66\xbd\x9d"
	"\x3e\x3e\x86\x45\x74\x45\x57\x77\xfe\x41\xb7\xcd\xe9\x62\xfe\xe0"
	"\x0f\x58\x48\xc4\x74\xb1\x9c\x21\x5f\x07\x96\xb0\xc7\x87\xa9\x9f"
	"\xbd\x57\xaa\x41\xe7\x0e\x6f\x53\x41\x56\xf7\xcb\x3b\x24\x8e\x41"
	"\x4a\xf5\x71\x5a\x46\xab\x79\x68\xd3\x17\x35\xf1\x45\x98\x6c\x13"
	"\x5a\xb5\x3b\xc1\x18\x35\x33\xd5\x5f\x09\x06\xa6\xaa\x4e\x9e\x5a"
	"\xa3\x99\x32\x86\xa4\x1c\x2d\xb2\x45\xef\x79\xd2\x41\x9a\x03\xbe"
	"\x8e\x05\x73\x64\x32\x50\x4c\xbf\x1e\x12\x57\xc7\xdd\x3b\x41\xee"
	"\x3b\x80\xbc\x01\x10\x46\x4b\x07\x9d\xb9\x1b\x9d\x9e\xb6\x8c\xa9"
	"\x86\xe4\x3e\x45\xa6\xe3\xa8\x35\x0a\x49\x42\x7a\xe5\x3f\x84\xf8"
	"\x19\xdb\x10\x04\x29\xa9\x97\x50\xfa\xeb\x62\xf9\x18\x2c\x64\x35"
	"\xa7\xcd\x22\x2c\xd0\x34\xf7\x41\x09\x9e\xc8\x76\xb9\xda\x56\x4c"
	"\xf8\x07\x2d\x5d\x3f\x4e\xef\x46\x8b\x83\xee\x10\x79\xfe\xeb\xf9"
	"\x6d\xc2\xbf\xbd\xbd\xbf\xfe\x00\xf8\xc0\xb7\xc9\xdb\x1f\xca\x3e"
	"\xf8\x3c\x79\x7f\x7d\xfe\xf6\x06\xfd\x36\xf9\xf2\xf2\xed\x3c\xf9"
	"\xac\xd6\xc4\x97\x3f\xe1\x9f\x66\x3f\x4a\xc0\x3b\x0d\x4e\x26\x58"
	"\x2b\xc1\x76\x8a\x0b\x29\xa3\x6b\x8c\x30\x0b\xe1\xca\xcf\x93\xb4"
	"\xda\x90\xc9\x6f\x2f\xaf\x5f\xff\x03\xa9\x7a\x3e\x7f\xff\xcf\xb7"
	"\x2f\xdf\x9f\x87\xdb\xc8\x96\x36\x0f\x31\x97\x04\x06\x4e\x95\x8d"
	"\x2f\x33\x7c\x7b\x3f\x7f\x99\xe4\x9c\x6a\x5b\xa0\xf3\x76\x0c\x7a"
	"\xaf\xa0\x3c\xf5\x90\x0f\x6a\x37\x1f\x53\xaf\x05\x6d\x21\x3d\x0f"
	"\xc6\xa4\xcf\xaf\x9f\x7d\xaf\x41\xe5\xbf\xff\xf9\xfa\x5d\x6d\x39"
	"\x6f\xdf\x5f\x27\xe2\xfd\xf9\xfd\x6c\xa0\x3a\x4e\x7e\xa2\xa5\xc8"
	"\x7f\x36\x9c\x39\x97\xfa\x5d\x8a\x33\x0d\xea\xe3\xce\xbf\x0f\x30"
	"\xba\x45\x4e\x37\x9a\x4c\x03\xe3\xa2\x4c\x92\xee\x07\x6b\xbf\xac"
	"\x04\x2a\xe6\xf8\xe5\x74\xb5\xd2\x97\x6f\xbf\x9f\x5f\xff\x7c\x7d"
	"\xf9\xf6\xae\xfb\xe4\xb7\xeb\xef\xfe\x88\xe1\x6a\x87\xa6\x55\xad"
	"\xfe\xd0\xc1\x6a\x83\x74\xb8\x63\x83\xe4\x12\xba\x27\x38\x5c\x18"
	"\xb0\x3c\x92\x44\xad\x30\x60\x01\x78\xdd\x4a\xd4\xcc\x83\xa5\x1f"
	"\x4f\x6c\x28\x77\x4d\xeb\x8f\x42\x91\xf0\x43\x78\xe7\x2e\x80\x12"
	"\xaa\x25\xc0\xb5\xde\xa6\xc2\x6a\x46\x5f\xff\xc9\xfb\xdf\x7f\x9e"
	"\x27\x3f\xa9\x09\xf5\x3f\xff\x9c\xbc\x3f\xff\x79\xfe\xe7\x84\x26"
	"\xff\xa5\xa6\xf1\xcf\x06\x2a\xee\xa0\xcc\x59\x6d\xa3\xdb\xba\xa3"
	"\x22\xee\xe5\x9e\x5d\x0a\x21\xc3\x2a\xa2\xd7\x0d\x3e\x14\x6e\x44"
	"\x05\x5e\x68\x66\x00\x87\x6e\x1f\x40\x1a\x4a\xe2\x38\xdd\x35\x47"
	"\xd9\xdc\x1b\x3f\xf0\x8b\x66\x0b\x0a\x07\xd8\xe0\x3b\xb2\xfa\x46"
	"\x0e\xab\x8d\xad\x70\xe9\x27\x2a\x3e\xfe\xa0\xb6\x48\x4a\x63\x12"
	"\x5c\xff\x1d\x11\x12\x44\xdc\x22\xa2\x86\x38\x96\x70\xaf\x93\xa9"
	"\xab\xe0\x08\x04\x60\xfa\x0c\x0e\x44\xac\xa8\x75\xcd\x91\xc8\x5d"
	"\xd7\x8e\x0b\x50\x70\xb0\x7b\xa6\x81\x97\xd3\x66\xb3\x9e\x77\xf2"
	"\x61\xa1\xfb\x98\xd0\xba\x68\x66\x01\x99\x35\x9b\x05\x98\xfd\x48"
	"\x9b\x1f\xdb\x46\xfd\xa7\x67\x25\xfe\xa6\x6d\x85\x44\x98\x6a\xae"
	"\x2a\x63\xd5\x20\x26\xc0\x20\x10\xfc\x1e\x84\x92\x3a\xf0\x76\x42"
	"\x68\xb8\x7a\x84\xd3\xc7\x60\x05\x40\x60\x15\x11\x58\xdd\x87\x04"
	"\xf2\x43\xb0\x05\xf9\x61\x9f\x07\xbe\x94\x06\x4d\x52\xe3\x22\x20"
	"\x01\x3e\xa8\x1a\xe7\x43\x06\xc9\x99\x9f\x9f\x2b\x1d\x47\x2f\xaa"
	"\x05\x3b\x62\x87\xeb\x17\x99\x80\x42\x74\x91\x09\xb7\xb4\x92\xf3"
	"\x98\xc0\x2c\x3c\xfb\x72\x52\xcb\x6a\xc7\xb1\xc9\xb7\x4f\xc5\x96"
	"\x26\xa3\x65\xab\x23\xbb\x59\x02\x7d\x12\xfd\x59\x88\xaf\x84\x36"
	"\x39\x52\x35\x87\x2f\x32\x81\xa2\x46\xc9\x54\xcd\x77\xd0\x3c\x89"
	"\xad\xa3\x50\x44\xe7\x72\x70\x56\xe6\x2b\xa3\xdd\x49\x3e\x7a\xc3"
	"\x16\xb2\xa0\x57\x81\xee\x2b\x90\x48\xca\x7e\xb7\x6c\xe6\xd3\xd5"
	"\x34\x30\x59\xd2\xbd\x04\x33\xb2\x43\xbf\x0e\xac\xc7\x55\x68\xb1"
	"\x2e\x20\xc3\x75\x90\x4f\xa6\x48\x9e\xa9\xae\x11\x92\x05\x26\x9b"
	"\x38\xe5\x0f\x73\xba\x54\xcb\xd2\x0c\x17\xda\xa9\xfe\xe7\x14\x32"
	"\xd2\xdd\x85\x84\x48\x6c\x15\x4d\xe8\x7c\xf5\xf0\x57\x60\x66\x42"
	"\x5d\x56\x8f\xf7\xb8\xc4\x31\x79\x9c\xae\x02\xcd\xc1\x93\x75\x76"
	"\x9a\x48\x1e\x59\xde\xaa\x7c\x79\x77\x37\xc5\xf9\xc3\x6e\xa5\xe6"
	"\x46\x4e\x79\x60\xa1\x4e\xb6\x38\xaf\x14\x49\xf7\x59\x89\xe3\x3d"
	"\x36\x0f\x30\x2b\xf0\x19\xf9\xe6\x97\x13\x2e\x35\xac\x28\x89\xcf"
	"\x81\x99\x23\xde\x24\xec\x28\xee\xe2\x98\xcb\xf5\x81\xa2\xe4\xc5"
	"\xd8\x41\x96\xe4\xf6\x49\x0c\xa2\x00\x9a\x12\x98\x69\xab\x5f\x93"
	"\xf2\xd2\x29\xb0\x3b\x7f\xeb\x12\xb8\xe7\xa4\x20\x1b\xa5\x66\xc3"
	"\x0f\xff\x0a\xa0\x1e\xd0\x53\xdc\x3c\x3a\xba\x84\x2f\x74\x90\xba"
	"\x57\xba\x28\x48\x25\xb6\xa5\x74\xde\x28\xb7\xbc\x00\x35\xf5\xc0"
	"\x21\x79\x04\x96\x29\x06\xde\x84\xa6\x48\x4a\x20\x2f\x22\xc1\x58"
	"\x10\xdd\x8a\x9c\x14\x28\x2e\x3a\x26\x15\xef\x23\xab\x4b\xb4\x54"
	"\x1f\xe4\xae\xdd\x93\x7e\x3f\xb9\x62\x75\xe7\xd1\x4e\x3f\xa4\x19"
	"\x71\xa2\x3b\xaf\x3c\x65\xec\x58\x37\x72\x2f\xa4\x36\x65\xd4\x29"
	"\x27\x10\x77\xa9\xb8\x70\xbf\x55\x7b\xba\x05\x26\x01\x01\x26\x1b"
	"\xf4\xc2\xe2\xf5\xcd\xe4\xb0\xc6\x24\x48\x91\xd4\xa5\xda\x61\x07"
	"\x49\xa9\x8c\x23\x01\xa9\xc7\x28\xbb\xe6\xc6\xd0\x09\xd7\xd0\xae"
	"\x5f\x97\xfe\x74\xd6\x17\x78\x2b\xc4\xbf\x98\xee\x85\x03\xef\xd9"
	"\x19\xb7\x8c\xb1\xc9\x74\xbe\xba\x9f\xfc\x94\xbe\xbc\x9e\x8f\xea"
	"\xcf\xcf\x3e\x7f\x4c\xca\x6b\x06\xb1\x4b\xfe\xb2\x7b\x66\x5b\x94"
	"\xe2\xe4\x0f\x21\xec\x8f\x8d\xcd\x84\x67\x0e\xb2\xb0\x1d\xfe\xb4"
	"\x2e\x8b\xc4\xba\xff\xa4\x9d\xb2\xe6\x17\x65\xbb\x3d\xc9\xf8\xc7"
	"\x40\xec\x3b\xe2\x58\xe6\x81\x2b\x32\x92\x91\x1c\x0b\xed\x41\x43"
	"\xa2\x0f\x0d\xc6\x81\xf3\x4e\xe4\x88\x7e\x83\x5c\x88\x54\x2f\x12"
	"\x0c\xbd\x2a\x01\x56\x5d\x89\x07\xbe\x54\x58\x1a\x76\x1d\x7b\xa9"
	"\x98\x60\x16\xca\xba\xcc\x30\xd7\x61\x17\xde\xca\xab\xcc\x17\x44"
	"\x22\xf7\x16\xd2\xa5\xfa\xd9\x1e\xf4\x97\xab\x95\x41\xdb\x7a\x31"
	"\x01\x0e\xdd\xf5\xb7\x6b\x3d\xb2\x1c\x4f\x6e\x5f\x78\x3c\xfd\x3a"
	"\xc6\xe8\xea\xe9\xfa\x6c\x7b\x57\x92\x97\xb7\xf7\xd7\x97\x5f\x7f"
	"\xbc\x9f\x3f\x4f\x44\x97\x69\x98\x5c\x53\x1d\x9d\xc7\xc9\x98\x87"
	"\xb8\x60\x7b\xe8\xa9\x45\x27\x29\xeb\x76\xee\x28\x7c\x87\xb2\xc6"
	"\xd4\x14\x79\xaa\xb6\xa5\xf7\x98\xca\x28\x8f\x24\xa4\x92\xf6\x32"
	"\xd4\x93\xc0\xff\x55\xa7\xce\x74\xf2\x14\xa0\x36\x19\x2b\x5c\x8f"
	"\xc9\xe9\x7c\xda\x44\x1e\xca\x94\xb9\xa4\xd6\x31\x6a\x75\xbc\xc8"
	"\x38\x2d\x31\xd4\x92\xeb\xa3\x92\xd9\x68\xa6\x84\x32\x4c\xdd\xec"
	"\x3d\x79\x52\xc4\x1a\x91\x93\x8f\x76\xa1\x6a\x85\xf3\x06\x68\xfb"
	"\x9e\xb5\x34\x08\xf5\x73\x39\x9d\x4e\xd1\x03\xab\x0a\x86\xd0\x1c"
	"\x49\x63\xaf\x34\x76\x65\x54\xb3\x20\xb3\x0f\xd3\xa2\x34\x52\x2d"
	"\xb5\xf4\x14\x4a\x53\xb2\xea\xb6\x4b\x8f\x49\xe4\xb1\x9a\x7a\xc7"
	"\x1d\x81\xbe\x28\xed\x64\xbf\x32\x43\x9a\x21\xb3\x29\xca\x60\x28"
	"\x07\xfb\x84\xf8\x7d\xab\xa1\x6e\x7b\xa5\x22\x10\xec\x5a\x12\x49"
	"\x98\x93\x0b\x45\x2d\x5f\xeb\x70\x2f\x74\x78\xa9\xf6\x4c\x5b\xdf"
	"\xdf\x23\x3a\x61\x0e\x4b\x28\xe2\x2c\x2b\x1a\x7f\x1f\x51\x6c\xc8"
	"\x4a\xbe\x29\x8b\x39\x5a\x58\x83\xc5\x47\x49\x96\xa3\x21\xa3\xea"
	"\x41\x19\x6d\x30\x75\x80\x55\xd6\x05\x09\x3f\xd3\x25\xb5\xb6\x56"
	"\xdb\x3e\x3d\xbb\x6a\x5b\x8b\x5c\xbd\x31\x45\x0e\x71\x91\xf5\xa6"
	"\x89\xca\xd4\x88\x4c\xc6\x77\x7b\x8e\x05\x90\x0f\x4c\xa7\x12\x9e"
	"\x56\x6e\x59\x26\x6c\x4d\xbb\x27\xb5\x72\x8a\x78\x50\x7b\xf6\x3c"
	"\xcc\xbe\x8f\xb0\xa3\x35\x53\x46\x63\x69\xaf\x59\xc8\x98\x4a\xa2"
	"\x8b\x58\x62\x6f\x01\x5d\xca\x81\x0c\xcd\xfa\x30\x3c\xe5\xc2\xef"
	"\x26\xd9\x0c\x71\x78\xab\xcf\x05\x90\xdc\xe1\xf2\x20\x99\x21\xb3"
	"\x12\x9a\xac\xd9\x2c\x5a\x77\xf6\x91\x6e\xed\x9c\x75\x1d\xa5\x2d"
	"\x2a\xd1\x9b\x41\x10\xe1\xd5\xb2\x78\x49\x0d\xb1\x33\xa4\xcd\x90"
	"\xd1\x73\x68\x36\x91\xa6\x6c\x95\x41\x04\xdb\x99\x9d\x35\x98\x37"
	"\x0f\xdb\x64\xd6\x6e\x1c\x40\x75\x43\x00\x9c\x1f\x0c\x67\x57\x77"
	"\xf7\xe8\xce\xb2\x2d\x04\x46\x87\xdb\xf7\x29\xca\x44\x57\x2f\xc5"
	"\x9c\x47\x9a\x69\xf5\xfb\xb6\x9a\x7a\x93\x73\x9b\x0f\xec\xc9\x91"
	"\x71\xef\x16\x03\xb6\x8b\xe5\xcd\x66\x98\x7b\x86\xb9\x49\xc0\x6d"
	"\x0e\x12\xbc\xb0\x59\x63\x74\x64\x21\xe2\x0d\xf6\x08\xba\x49\x6b"
	"\x0e\x56\xdc\x3d\x56\x33\xc5\x40\x9e\x49\xf3\xe9\xdd\x53\xb8\x47"
	"\xf9\x72\xf6\xd0\x58\x93\xe6\x43\x1e\x19\x9c\x39\xa9\x0f\x2c\xb3"
	"\xfa\x3a\x3f\xe4\xd8\x52\x29\x9e\x90\x40\x4c\xf1\x74\x9a\x45\x5e"
	"\xa4\xde\x42\x8a\xd2\xaa\x5d\x9e\x35\x6a\x0c\x23\x2e\x60\xe0\xa1"
	"\xe6\xa1\xe2\x3e\x04\xb9\xe2\x18\x64\xa7\xc7\x48\x6d\x39\xad\xed"
	"\x11\xf8\x24\x96\xcb\x7b\xff\x06\x0e\xac\x87\x69\x80\xa5\xde\x88"
	"\x64\xc7\x14\x1f\x55\xa9\x0d\xe2\x25\x76\xea\x53\x8e\xd6\xb6\x82"
	"\xce\x96\x1f\x90\x28\x36\xc5\x6c\x66\xf7\x8a\x1b\x99\x85\xf9\xa9"
	"\xb6\x9c\xba\xf0\x7b\x7a\x87\x7c\xe6\x94\x91\xac\x88\x28\xf4\x05"
	"\x51\x3a\xb6\x9d\x98\xb4\x27\xf9\x95\x37\xb1\x9c\x2f\x67\x91\x4a"
	"\xaa\x7f\xd6\x65\x51\xe6\x0e\x6e\x7c\x64\x4f\x5a\xce\xed\x9b\x54"
	"\x05\x9b\x3d\xc5\xbb\xba\x38\x28\x65\x80\x8c\x32\x38\x27\xcc\x9b"
	"\x95\xc9\x78\xb0\x7c\xe2\xb6\xf1\xb3\x2d\x31\xc5\xbc\x4f\xe5\xc5"
	"\x8a\x0d\xb7\xb1\xf0\xb7\xca\xfc\x50\x9f\xd9\xdb\x53\x27\x06\x91"
	"\xfc\x29\x8f\x98\x71\x9d\xa3\xd9\xba\x9d\x9a\x91\x39\x76\xde\xb4"
	"\xcb\x50\xf5\x73\x97\x6d\x50\xcb\xbd\x61\x45\x8b\x3e\xc7\x22\x86"
	"\x05\x78\x42\x20\x6e\xd2\xaa\x23\x25\x8f\x6a\xbd\x46\x23\x3b\xba"
	"\x88\x66\x7f\xf6\x11\xed\x05\xf0\xee\x23\x00\x08\x2a\x99\xa5\x97"
	"\x2c\xa7\xf3\x15\x72\x28\x0a\x2c\x59\xfa\x57\xbe\x7a\x39\x5d\xac"
	"\xc2\xcd\xaa\xd5\xe6\x29\x88\xf0\x57\x24\xb1\xbe\x48\xbd\xb8\xbb"
	"\x8f\x0c\xf9\x1a\xee\xab\xd6\xde\xc2\x04\xc9\x95\x12\x65\x41\x06"
	"\x09\x6d\x0e\x46\x87\xa8\x60\x66\x7e\x4a\x93\xc1\x33\x3b\x95\xb3"
	"\xa0\xab\xd9\xdd\x7c\x1a\x29\x8e\xdb\xc7\xf5\x5c\xac\xb0\x53\x14"
	"\x2e\xa6\xab\x48\x8b\x45\x99\x91\x3a\xcd\x88\xed\x43\x10\x88\x5b"
	"\x4c\xd1\xe1\x92\x0c\x8d\x79\x35\x44\x6e\x87\x76\x89\x9c\xae\xa6"
	"\xfe\xb9\xc0\x2a\x4e\xd1\x63\x20\x55\xcc\x6a\x8a\x3c\xa8\x99\xf7"
	"\xb1\x45\x4c\x48\xbd\x8a\x5b\x95\x91\x39\x20\x44\xc5\xbf\x9b\xed"
	"\xca\xda\x92\xaa\x3a\xe5\x6a\x6c\x63\x0a\xf6\x06\x89\x5c\xa6\x70"
	"\x27\xbb\x40\x16\x62\xbe\x0f\x57\x42\xb2\xed\xde\x3e\x00\xec\x28"
	"\x91\xa7\xec\x27\x78\x4b\x2b\xb5\x37\x13\xc4\x29\x28\x33\x12\xf9"
	"\x9e\x07\x7b\x6d\x56\x3f\xdb\x7a\xcb\x0b\x7f\x71\xc0\x85\x8b\xa2"
	"\xd4\x71\x83\x8f\x8b\x3d\xf2\x8f\x85\x9d\x7b\xaa\xa3\xb4\xc7\x07"
	"\x6c\x48\x5c\x04\xe6\xb1\x3d\x56\x9c\x8a\xb2\x52\x86\xb9\x65\x1f"
	"\x1d\x69\xdb\x64\xa8\xfa\x9f\x26\x09\xc7\x14\xff\x8a\x7b\x0f\xaf"
	"\x94\xa5\xd8\xb9\xad\x0d\xaf\x35\x10\x9d\xe0\xff\x8e\x46\x73\xb8"
	"\x11\x81\xbd\xbd\x93\xe1\x72\x4d\x90\x63\x9c\xa1\xe0\x36\xdf\x37"
	"\xf8\x65\x4c\x4b\x0a\xae\x31\xd5\x2c\x50\x5c\xc4\xe2\xd1\x32\x25"
	"\x05\x97\x1f\xce\xef\x9d\x01\xbe\x5c\xcb\xdb\x53\xc6\x8d\x44\xea"
	"\xe2\xa8\x28\x16\x6c\x18\x4b\x20\x87\xe3\x06\x4e\xca\x14\x6b\x1c"
	"\xc4\xcd\xf9\x04\xe8\xf8\x55\x76\x70\xcb\x39\x4f\x1a\xfe\xb6\xce"
	"\x07\x87\x0b\xc8\xe5\xdd\xbc\x41\xd9\xea\x83\x41\xcc\x48\x88\xbf"
	"\x7c\x0c\xf1\x7b\x37\x16\x2a\x40\x39\x25\x09\x5e\x3d\xa5\x4c\x4b"
	"\x5e\xe0\xfc\x84\xa8\x91\x17\x28\x3e\xa9\x94\x9a\x77\xbf\x0c\xf3"
	"\x17\x8f\x2e\xff\x72\x62\xd3\x30\xdd\xb7\x56\x84\x13\xad\x32\x35"
	"\xb6\xb0\x12\xb5\x0d\xd9\x36\x47\x72\x42\x45\x32\x88\x54\x91\xd3"
	"\xbb\xe9\x94\xe2\x32\x70\x65\x1d\xe1\xf5\xc6\x53\x94\xaf\xf4\x69"
	"\x5c\x46\x5b\x1a\x41\xb6\x56\xfc\xc3\x12\xa0\x5e\xa3\x12\x5d\x2e"
	"\x70\x82\xbf\x64\x17\x7c\xbc\x57\xa2\x70\xbe\xd2\x54\x82\x35\x84"
	"\xed\x11\x67\x4a\x65\xa8\x37\x15\x72\x2f\xb4\x26\x6a\x19\xe5\x14"
	"\xff\xca\x07\x38\x02\x15\x0c\xe5\x37\x3c\xe3\x85\x5a\xa2\xd4\xec"
	"\x9d\xd5\xf0\x77\xe8\x23\x28\x6b\x6d\xb5\x7a\xc8\x7d\xce\xce\xca"
	"\x4a\x09\x5f\x55\xed\x5a\x24\x76\xbe\x45\x20\x26\x0c\x6e\x8b\x31"
	"\x9b\xe8\xa2\xd8\x02\x2d\xaf\x2a\x47\x4a\x9f\x43\xdb\x97\xb0\x15"
	"\xb9\xb4\xa4\xa4\xfd\xba\xd2\x46\x78\xd4\x14\x33\xed\x01\x10\xaa"
	"\x42\xd8\xef\x19\x42\x25\x0d\x92\xbe\x78\x2b\xe5\xc9\x39\x80\xf1"
	"\x59\x57\x22\xdb\x1a\x0f\xc3\x2d\x83\x0e\x07\x65\x94\xe4\x1d\x58"
	"\x94\x48\x8a\xde\x4e\x78\x22\x47\xcc\x7b\x05\xec\x8a\x6d\x88\x40"
	"\xae\x29\x02\xbf\x96\xd9\x72\xfa\xe0\xdb\x77\xaf\xdc\x99\x5b\x21"
	"\xa5\x5c\x3c\x2e\xbd\xb7\xcb\x80\xab\xfe\x58\x76\xc4\xd0\x3a\xd2"
	"\x2c\x97\xd3\xc7\x06\x63\xac\xda\xe9\xff\x51\x76\x66\xcf\x8d\xea"
	"\x58\x03\xff\x57\xf2\x38\x53\xf5\xcd\x5c\x16\xb3\x3d\xdc\x07\x19"
	"\xb0\xad\x0e\x02\x82\x64\x9b\xe4\x85\xca\xa4\x33\xf7\xa6\x26\x9d"
	"\xee\xea\xa5\xea\xce\x7f\x3f\x3a\x02\x6c\xc0\x3a\x12\xdf\x43\x2f"
	"\xe6\xfc\x90\x84\x10\x5a\xcf\x12\xc5\xe4\x56\x9a\x66\xa9\x3a\x35"
	"\x5a\x16\x62\x90\x75\x79\xce\x90\x82\x8c\x44\x99\x32\xdd\xcd\xfd"
	"\xbe\xd9\x48\xa0\x35\x34\xa6\xc2\xb6\xd4\x0c\x65\x2c\x09\x11\x7d"
	"\x9d\x11\xe1\x4d\x12\x21\xb3\xa0\x09\x12\xdb\x10\xd9\x0f\x44\x01"
	"\xb2\x10\x9d\x42\x89\x0d\xda\x17\xa1\xe7\x10\x43\xf5\x95\xd0\xad"
	"\xc7\x8e\xae\xfa\x60\xd0\xd8\x1a\x53\x67\x29\x8f\x62\xdf\xfc\x2c"
	"\x0d\x04\x07\xed\x0e\x95\xde\x5a\x65\x52\xfd\xfc\xb8\xe5\xf9\xa8"
	"\x26\xa1\x6d\x25\x03\xb2\x2c\x2b\x29\x68\xc7\x82\xd0\xc7\x0d\x7c"
	"\x48\xe9\x45\x1e\xf6\x09\x6c\xf3\xe2\x7e\xaa\x7a\xa4\x6e\x68\x98"
	"\xec\x61\x8e\xed\x32\xab\xbc\xe6\x55\xe9\xc5\x71\x8c\x7f\xad\xa9"
	"\xa7\x5f\xbf\x8d\xcf\xf1\x44\x8e\xcd\x91\x6b\xdb\x7a\x1b\x7b\xbe"
	"\xeb\x74\xa6\xaf\x5d\x85\xe9\x26\x05\x43\xb4\xc1\x46\xe4\x41\x8e"
	"\x52\xe7\x33\xa2\xbc\x00\xd0\x81\x57\xc6\x04\xe4\x9c\x20\x70\x5b"
	"\xbc\xad\xd3\xfa\x60\x2a\x26\xa7\x79\xd3\x90\x0e\xdb\x23\x07\xe4"
	"\x54\x84\x96\xaf\x20\x3d\xc8\x95\xb5\xae\x2a\xcf\x8b\x25\xf8\xc5"
	"\xf7\xce\x39\xe3\x08\x7e\x3d\xba\x67\xfd\x36\x87\x4e\x36\x57\x69"
	"\x90\x3f\x0d\x1a\x7e\x20\x05\x0f\x37\xd9\x63\x49\xe4\xa0\xd8\xbb"
	"\xa4\x80\x0b\xca\x21\x0e\x76\x4b\x70\xb3\xad\x36\x95\x86\xf7\x3a"
	"\x07\x26\x67\x2a\xbf\x61\xd7\xf9\xfd\xcb\xe2\x42\x47\x79\x03\xb3"
	"\xcd\xa9\x0f\xa2\x5e\x00\x6e\x0a\x66\x3a\x36\xa3\xe0\xe2\x4d\x84"
	"\x71\x76\x2b\x55\x5a\x52\x60\xe6\x38\x8d\x5e\x31\xaf\x20\x36\xdf"
	"\xea\x55\x17\x2c\x35\xae\x3d\x16\x6e\x52\xb6\xd3\x6f\x51\x4d\x6f"
	"\x1d\x0f\xeb\x34\xa2\x9b\x73\x0f\x5a\x9f\x3d\x6c\xfd\x09\x32\xbc"
	"\x25\x4d\x93\x6c\x38\x9d\xa5\x0a\xdd\x16\xd1\x4f\xb9\xe4\x80\xc5"
	"\x10\x9d\xb2\xba\xa1\x9c\x69\x3d\x14\x4f\xf3\xd3\x1c\x28\xc8\x75"
	"\x57\xde\x08\x44\xc7\x9a\x9d\xe9\x8e\xe6\xad\x2d\xd5\x3c\xa3\x04"
	"\x6d\xe2\x0d\x99\x4f\x9c\x66\xb2\xcb\x16\xa0\x4e\x38\x35\xdf\x99"
	"\x0a\xa6\xe1\x51\xa7\xd7\x05\xc2\x3f\x3d\x66\xe4\xa6\xf7\x7b\xca"
	"\x5c\xcf\x71\x2d\x4f\xa6\xd6\x85\x79\x59\xce\x76\x35\x1e\x44\x09"
	"\x0d\x49\xce\x82\x48\x53\x28\xeb\xf8\x15\x83\xd1\x59\xbf\x77\x72"
	"\x4e\x4b\xd9\x87\xb0\x9c\x81\xc3\x1b\xe5\x0d\x66\x6e\xea\x08\xd2"
	"\x5e\xbf\x5b\xeb\x5f\x36\xeb\x94\x1a\xd6\x7c\x53\x0e\x6e\xc2\x94"
	"\x19\x38\xa8\xa2\x93\xd0\x4b\x1c\x33\xe0\x9b\x00\x38\xfe\xbd\x09"
	"\xf0\x3d\x47\x06\xc7\x58\x5d\x76\x94\x2b\x1b\xcc\xe9\x63\x8a\xb9"
	"\x90\x80\x07\xc3\xbb\x41\x90\xaa\x19\x2c\x76\x84\x04\xc0\xa1\xe8"
	"\xc0\x29\x9d\x01\x82\x62\x82\xda\x3d\xa2\xbd\xa6\x9a\xc1\x2e\x27"
	"\x4a\xc1\xbd\x69\xbb\x33\xb9\x87\xbd\x2a\xdd\x21\x9f\x4a\xea\x28"
	"\x17\x08\x53\x57\x62\x70\x6d\x9f\x97\xc5\x7c\x3f\x4c\x56\x09\x7c"
	"\x52\xb7\xc6\xab\x1f\x10\xf4\xf0\xee\xfc\x06\x2e\x50\xfe\x36\x38"
	"\x3e\x7c\xfb\xf8\xe3\xee\x6b\xef\x9f\xe9\xef\x77\x3f\xbf\x4a\xfa"
	"\xf5\xee\xe7\x9f\x23\xa5\xd9\xe3\xc0\x46\xdf\x13\x6b\x41\x99\x09"
	"\x31\x36\xca\x4a\xcc\x66\x5e\x63\x54\xf9\xed\xd7\x4f\xd4\x42\x4f"
	"\x39\x06\x9b\xc6\x8f\x97\x3f\x6f\x9c\x88\xf5\x57\x77\x3b\x68\xf4"
	"\x30\x80\x22\xdb\x03\x00\x81\x92\x21\xd6\x76\x7a\x82\x2b\x07\x7a"
	"\xf7\x0c\xe9\x2f\x7b\x88\x11\xd1\xd0\x76\x09\xa9\xe7\x39\xfe\x78"
	"\xfd\xfe\xfe\xfc\xf1\xf9\xee\xed\xe3\xe7\xeb\xf7\x7f\x3f\x2f\x5c"
	"\x00\x0c\xf7\x57\x72\xa0\x35\x97\xe3\x53\xf5\xa8\xf7\x59\xda\x8b"
	"\xf3\xd3\xc2\xff\xc6\x78\x19\x6b\xe2\xbd\xfc\x3e\x7f\x04\xc7\x21"
	"\xc2\x8c\xc8\x71\x6e\x5b\x21\x6f\x0a\x73\x0a\x76\xb9\x79\x5b\x91"
	"\x66\xa6\x16\x37\x5e\x93\xb3\x16\xfd\xf2\x70\x02\xd4\x41\x80\xcc"
	"\x4a\x17\x90\xee\x6c\xe6\x8a\x88\xfb\xad\xbe\x08\x0f\x72\x99\x80"
	"\x58\xef\x4f\x18\xcf\x0d\x2d\x4c\x36\xb8\xba\x6d\xc2\x38\x30\x93"
	"\xc5\xfd\xfd\x36\x33\x15\x16\x76\x53\xb5\x65\x05\x81\x6a\xb0\x88"
	"\xb6\xf5\x05\x14\xb2\x77\xdd\xb8\xa1\x15\x8a\x37\xae\xa5\x6e\xfb"
	"\x76\x6d\x79\x20\x16\xfb\x9e\x6f\x67\x7c\xdf\x96\x57\x1b\xf9\x41"
	"\x62\x81\x52\x6e\x01\xea\xc6\xf5\x5c\x33\x53\xe6\x67\x81\x8c\x2c"
	"\x17\x06\x5c\x1f\x43\xc7\x6e\xc9\x6e\x38\x8a\xb3\x40\xa2\x3a\x93"
	"\x33\x79\xb4\x50\xc7\xf2\x7e\x6b\x79\xb3\x95\xec\x61\x36\x96\xf7"
	"\xca\xbc\x4e\x54\xc7\xf4\x80\xb9\x98\xbe\x90\xad\xb0\xe6\x97\x92"
	"\xda\x75\x5b\x4b\x03\xd8\x22\x9b\x10\x93\xae\x0d\xed\xb6\x64\xaf"
	"\x06\x51\x0e\x67\x27\xb4\xe3\x35\xb9\xbe\x25\x58\x74\x99\x2b\xe3"
	"\x67\x16\x00\x39\x47\xb9\x00\x69\xb5\x45\x6c\x4e\x2e\xc8\x7e\x87"
	"\xe8\xb2\x5d\x09\x2c\xcc\xdb\x8c\xe8\x98\x0d\x3a\x52\xf9\x79\x33"
	"\xc4\xd1\xcb\x05\x53\x73\x7a\x92\x5a\x28\x4e\xb3\xfc\x4c\x4b\x2c"
	"\xda\xd7\x85\x13\x0c\xe9\x87\xaf\xf9\x29\x0d\x08\x33\x73\x26\x4d"
	"\x43\x2b\x4b\x56\x8c\xec\x95\x1a\x90\xa5\xe0\x35\x49\xf3\xaa\xd9"
	"\xae\xa0\xb6\x04\xd1\xac\xb9\x62\x42\xae\x19\xad\x55\x70\xa6\x99"
	"\xfc\x61\x86\x9e\x0e\x79\x79\x38\x5a\x9a\x0a\xe1\x81\x83\xb8\x5b"
	"\xbd\x30\x30\x94\x1f\xb5\xae\xf0\x2f\x48\x5b\x93\x4c\xfb\x4d\x80"
	"\x40\x4e\x6d\xcc\x19\x28\x08\xf5\xd8\x7c\xc1\x6a\xae\x40\x4c\xe5"
	"\xa2\xff\x42\x55\xc0\x32\x81\x7e\xc0\xaa\xab\xe1\x69\x93\xe7\x93"
	"\xbd\xa6\xc9\x45\xb0\x08\xab\xc1\xfd\xee\xdc\xc9\xdf\x94\x20\x19"
	"\x8f\x62\xc4\x1f\xc9\x9c\x8b\xe2\x28\x5a\x87\x25\x76\xac\x71\x1d"
	"\xcf\x5d\x3a\x09\xd1\xa3\xb0\x1f\xd0\x31\xc4\xc5\xee\x8c\x3c\xca"
	"\x11\x9a\xb6\x29\x6d\xac\xe8\xf6\x28\x17\xf6\xae\x6f\xe5\xe0\x64"
	"\xa5\x2a\xf3\x8e\xa6\x65\xec\x23\xe3\xf5\x8c\x7f\x8c\x53\xc1\xf6"
	"\xae\xeb\xac\x40\x85\xe0\x35\xbe\x7e\xb9\x65\x37\xeb\x60\xd8\x3d"
	"\xaa\x11\x93\xbb\x29\x77\x20\xac\xe6\x07\xba\x22\xc5\x3c\x17\xd4"
	"\x0e\xed\x49\x41\xda\x95\x18\x38\xa6\xa2\x88\x06\xc5\x94\xde\x1d"
	"\x3f\x51\xc1\x8f\x56\x6e\x5f\x55\x19\xb5\x67\x4e\x0b\x2a\xdf\xbb"
	"\x9d\xdb\x1f\xcb\xa7\x15\xd5\x72\x2f\x76\x9e\xeb\xd9\x3f\x8a\x1c"
	"\xeb\x74\xe7\x90\xfd\x95\x9d\x09\x9c\xf2\x9e\x51\x0b\xdf\x5b\x76"
	"\xcd\x17\x26\xe7\x7e\xae\x1b\xaf\x48\x52\xce\xff\x02\x4c\xe1\x77"
	"\xc6\x31\xee\xba\x1b\x3b\x96\x17\x3b\xc2\x3b\x46\xeb\x15\xac\xfa"
	"\x61\x7f\xc1\xac\x0d\x8f\x45\x27\xb8\xfd\xa9\x69\x99\xb7\xd4\x5e"
	"\xe5\xec\x3e\x42\xbc\x7c\xcd\xfa\xd9\xbc\x64\xe0\x72\xcf\xfe\x96"
	"\x33\xb9\x36\x16\x41\xeb\xd8\x7b\x5c\xf5\xff\x86\xee\x0f\x62\x1d"
	"\x7a\xa6\xf6\x46\xb6\xb2\x7b\x3c\x67\x42\xe9\x33\xac\x69\x3d\xfd"
	"\x4e\x0d\xab\x2b\x4e\x45\xbe\xae\xa4\x54\xae\xe9\xec\x7d\xaf\x7c"
	"\x89\xaa\x9b\xa8\xd6\x90\x9e\xe3\x6c\x56\x72\xc1\x4a\xce\xfe\x5d"
	"\x37\xac\x43\xb6\xe5\xa7\x14\xa7\x45\x4e\xb2\x15\x18\x5f\x55\xdf"
	"\x5c\xb8\x9e\xef\xad\xc0\xd8\x6e\x4d\xe1\x8e\xcd\x4e\xce\xe4\x70"
	"\xa7\x5e\x33\xb8\x8d\xc3\x60\x45\x35\xd7\x3c\x0c\x9c\xc8\xde\xcd"
	"\x3e\xe5\x22\xf4\x3c\x7b\x4b\x78\xc2\x67\xc0\xb3\xd7\x51\x1d\x58"
	"\x3f\xb2\xaf\x48\x53\x7b\x74\x38\x1b\x1e\xc1\xbd\xbe\x9a\x00\xf0"
	"\xe9\xb9\xf4\x2d\xd2\xbb\x97\xd6\x0f\xb1\x0a\xa8\x6e\xbc\x28\xe2"
	"\x69\x29\xd4\x9c\x1c\x4d\xbb\x43\x1b\x83\xe3\x8e\x75\x49\x0e\xb8"
	"\xeb\xad\x4b\xd6\xb5\x8f\x03\xf3\x1b\x1c\xff\xff\x7b\x83\xb7\xaa"
	"\xe0\x6a\x83\xd8\x52\xe6\x92\xd7\x58\xb8\xd5\x03\x93\x49\x6c\xed"
	"\xed\x00\x66\x4b\x4a\xc9\x25\xe3\xad\xa5\x5c\x57\x56\xa4\x4c\xdf"
	"\x24\x66\x88\xa9\x69\xcc\x41\xae\xd5\x2a\xc4\xf9\xb9\xfd\x3b\xce"
	"\x29\xc9\x1a\x70\xa9\xbb\x68\x48\x32\x57\x8b\xba\x35\x68\x03\x0a"
	"\x39\xfc\xb0\x0e\x4d\xc1\xbd\xec\xe3\x1a\x16\x1c\x4a\xac\x4e\x18"
	"\x02\x60\x95\x15\x2c\xb9\xd0\x25\x50\x43\x1e\x33\x7a\x64\xe3\xb7"
	"\x8e\xae\xb6\x96\x7e\x2a\xfb\xab\x72\xc5\xe3\x6e\x5a\xc3\x1a\xae"
	"\x5f\xc0\xa4\xb2\x4c\xe8\x14\xa6\x07\xb7\x8c\xb8\x88\xbf\xd3\x61"
	"\x3f\xd9\x6f\x1d\xd9\xc1\x09\x6c\xff\xac\xa7\x0e\x5b\x08\x2d\x8b"
	"\xc6\xf0\x18\xb6\xde\x59\x9c\x6c\xdc\xae\x3e\x37\xd8\x4e\xd5\x85"
	"\x03\xc5\xc7\x13\xdd\x36\x88\xaf\x97\x9e\x53\x8e\x3c\x55\xac\x9d"
	"\x6e\x6e\x6a\x37\x88\x05\x05\xbd\x69\x78\x0b\xa6\xdd\x2a\x46\xe2"
	"\x8d\xb1\x06\xf6\xb5\x47\x8c\x62\x50\x79\xcd\xf3\x1a\x8b\xb1\x7e"
	"\xa5\x04\x2d\x84\x69\x3f\x77\x82\x66\x39\xc4\xe5\x6c\x8c\xaf\x98"
	"\xaa\x08\x0b\x22\xf7\xcc\x7b\xf9\xbc\x26\xe5\x40\x9a\xc0\x56\x7c"
	"\x4a\x8c\xe7\x26\xb2\x9e\x19\x31\xa6\xf1\x98\x13\xd4\xeb\x61\x4f"
	"\xa4\xcc\x75\x4c\xb9\x34\xf9\x1e\x8e\x01\xc1\x56\x50\xbd\x39\xf4"
	"\xdd\x1f\xc7\x73\x21\x4d\xe5\x99\x9e\x22\xdd\xc5\x01\xe2\x2a\x69"
	"\x20\xce\xcc\xfe\x36\x01\x52\xcd\xd3\xf6\x1a\x9b\x4a\x90\xe6\x11"
	"\x4c\xb3\x6c\x6f\x33\x6b\x0b\xdf\xf8\x49\x53\x06\x7e\xe5\x8f\xc6"
	"\xca\x25\x3e\xb6\x54\x1a\x8e\xb6\x54\xf4\x0a\xf8\x96\x3b\xd2\x34"
	"\xc4\xf4\x11\x66\xcd\xc9\x0b\x9d\x76\xc5\x17\xa4\xc8\x30\x58\x4d"
	"\x46\x46\x92\x33\xea\x22\x9a\x58\x0d\xa3\x1b\xbd\x0b\xda\xc3\xf3"
	"\xf7\xcf\xca\xb1\x2b\xfd\xad\xba\x1b\x7d\x40\x5e\x3c\xc4\x36\xf3"
	"\xe3\x15\x75\x01\xfe\x46\x4d\xe6\x7b\x02\x02\xdc\xdc\x63\x4e\xf3"
	"\x14\x51\xa7\xb2\xf3\xd6\x4d\x2c\x7a\x71\x41\xb7\x52\x7c\x9b\x75"
	"\x43\xce\xa6\x6c\x7b\xb7\x15\x35\x72\xdc\x3e\xe4\xcc\x3d\x86\xb9"
	"\x8e\x1a\x92\x69\x52\x4b\x1a\xa4\xde\x9a\x81\xfe\xf8\x89\x63\xea"
	"\x68\xe8\x32\x69\x4f\x58\xae\xf5\xa6\x9c\xfe\xf9\xfc\xfd\xf9\xe5"
	"\xe7\xeb\xf7\x89\x6b\xf4\x71\x6c\x9c\x2b\xa3\x9e\xb4\x4a\x76\x25"
	"\x6d\x93\xb8\xab\xc5\xdc\xae\xa2\xf7\x18\xa8\x2e\xa3\x0f\x43\x0a"
	"\x08\xee\xde\xc7\x04\x42\x3c\x39\x96\xd5\x53\x85\x59\x2c\x76\x7b"
	"\xae\x3f\xf1\x50\x81\x54\xe4\x32\x4a\x1b\x6b\xa9\xc8\xe4\xe0\xad"
	"\x22\xcd\x40\xb8\x9f\x79\xb4\x9d\xd3\x22\xd4\x40\xef\xc7\xf4\xf5"
	"\xfb\xdb\xf3\xbb\xee\x10\x7e\x78\x86\xd8\x9b\x8f\x54\x7d\x44\xc3"
	"\xaf\x1f\xff\x50\x82\x1f\xfd\xed\xca\x0f\x8d\xc6\x43\xd2\x90\x06"
	"\x34\xeb\xae\x2e\x1c\xd7\x31\xd5\xd6\x85\x72\x4d\x94\x8a\x97\x91"
	"\xaa\xde\x44\xce\x27\x73\x46\x97\xea\x91\xcb\x1b\xe4\x04\xda\x47"
	"\x0d\xae\xa6\x48\x6b\x42\x20\xf4\x5f\xb1\x58\xf9\xcf\x89\xa5\xfa"
	"\xca\x70\xf9\x13\xf2\x1a\xc7\xac\x39\xc3\x93\x84\xd8\x7e\xfb\xbc"
	"\xa4\x9a\x64\x47\x51\x67\xf2\x7e\x34\x61\x0f\xdc\x46\x9c\xa9\x38"
	"\xc8\x6e\xb2\xd8\xf5\x71\x7c\x31\xdf\x6a\xc3\x1d\x3c\x4d\x4b\x44"
	"\xa1\xfe\x42\xb8\x21\xe5\x51\x6b\xac\xd6\xa1\xe7\xf9\x24\xc8\x1e"
	"\x0d\xae\x38\x47\x6d\x18\xdd\xb5\x61\x1b\x1a\x5f\xf7\xa0\xae\x5f"
	"\x73\x6b\x62\xb2\x47\x33\x89\x9b\xda\x33\x89\x77\xbc\xe8\x8a\xda"
	"\x96\x87\xfc\x95\xb7\x2a\xb2\x16\xdd\xd3\x54\x7e\xb7\x8d\x89\x06"
	"\xc7\x7e\x58\x64\x1d\xd9\xa1\x81\xfe\x5c\x29\xf4\xd3\xa1\xc3\x29"
	"\xed\xb2\x14\xf1\xff\x55\x33\x98\xb9\x96\x59\xa1\xb5\x6b\x3a\x9c"
	"\xe5\x08\x52\x66\x73\x4d\xc4\xcb\x45\xe5\xec\x5e\xf6\xcc\x58\x28"
	"\x93\x2b\xa8\x6f\xed\x33\xf9\xd0\xb7\x4e\xa2\xc4\x5d\xa4\xb7\x0e"
	"\x60\x48\x5d\x83\xd3\x8b\xdb\x6e\x6d\xf0\xfa\xf8\xa2\xe9\xfd\x27"
	"\x4e\xb7\xcf\xa6\xe8\x63\x22\x95\x7f\x6a\x86\x04\x1e\x3b\xa1\x23"
	"\xb9\x6c\x5d\xc5\xa3\x2e\x78\x51\xf6\xf6\xfc\xc7\x1d\x5f\x2a\x1b"
	"\xc1\xc2\x4d\x2e\xc9\xc8\x44\x17\x55\x5d\x52\x51\x48\x8e\x7c\x16"
	"\xb4\x11\xaa\x67\x47\xb8\x48\x4f\x75\x86\x84\x02\x25\x19\xaf\x9b"
	"\x7a\x62\x3e\x01\x17\x9b\x6c\xbb\xff\xfd\xcb\xa0\x50\xe3\xa5\x1a"
	"\x8d\xa7\x69\xe8\x30\xf9\xa3\x53\x87\xee\xb4\xdc\x55\xf3\xcb\xb0"
	"\x01\x4a\xc4\xe2\x9a\x2c\x7b\xaf\x16\x34\xb9\xc8\x94\xfe\x77\x6f"
	"\xd2\xf6\xeb\xfd\xe7\xdb\xb7\xf7\xd7\xbf\xe4\x5b\x80\xcc\xd3\x3f"
	"\xdf\xbe\xe9\xc6\x0a\xb8\x8d\x34\xdb\x7e\x0a\xa0\x62\xb3\xe7\x25"
	"\x62\x1b\x3e\xe4\x60\x98\x79\x5f\x00\xf9\xb7\x91\x28\x44\xba\xf1"
	"\x91\x5d\xea\x91\xa9\x53\x92\x04\x1b\x77\x05\xf3\x97\x99\xa1\x65"
	"\x2a\x9a\xc2\xc8\x60\xc6\x8b\x20\xcf\xf2\xb5\xa9\xb0\xa2\x4d\xeb"
	"\x42\xd7\x46\x80\x18\xa2\xff\xc1\x2c\x61\xfe\xd6\x48\xb1\xaf\xb6"
	"\xd7\x50\x8c\xf0\xb6\x2e\xd3\x5c\x08\x28\x70\x7d\x6b\xc3\x47\x76"
	"\xc7\x19\x5c\xff\x13\x02\x0a\x5c\xe3\x72\xe9\x66\x13\x7d\xf2\xd4"
	"\x0d\xfc\x00\x2d\xb9\x92\x87\xbe\x59\xde\x1a\xe4\x2c\x8b\x82\xd0"
	"\x24\x8e\xb1\x6d\x3f\x90\x53\xec\x6c\x48\x09\x39\xb6\xa7\x21\x85"
	"\x35\xa5\xed\x06\x95\x96\x6a\x5b\xd7\x43\xe5\x9c\xf2\x20\x48\x02"
	"\x93\x3c\x44\x96\x27\x83\x38\x09\xf1\x46\x7e\x42\xcc\x1d\x06\xd9"
	"\xe2\x04\xf5\xda\x45\xfc\xf7\xc7\xcf\xd7\x2f\x77\xff\x82\xf8\x73"
	"\xfd\xdb\xbc\xfb\xdb\x17\xf9\x9a\xdf\xff\x7b\xf7\xfa\xe5\x5f\xaf"
	"\x9f\x3f\xbf\x7e\xbe\xfb\x6d\xa0\xfe\x21\x67\x83\x2f\xf2\xab\xfe"
	"\xfb\xf2\x85\x0f\xbe\xd0\xd0\xfc\x53\x30\xdb\x35\x7e\xc4\x59\xce"
	"\xe9\xbe\x54\xd1\x30\x75\xee\xa9\x51\x16\x31\x14\x00\x2c\x67\xf9"
	"\x09\x7f\x19\xc6\xd2\x94\x15\x23\x19\xbd\x47\xe5\x15\xae\xcc\xa5"
	"\x9a\x49\x4a\xec\x4f\x51\xb7\xc4\x58\xfc\x87\x63\x8d\x7c\xd6\xca"
	"\x7b\xc5\x72\xba\x08\x82\xe6\xde\x6f\x0d\xcd\x87\x09\xc4\xb7\x26"
	"\x88\x07\x5b\x67\xfc\xfe\x7e\x32\x75\xab\x08\xfc\x97\x1c\x75\x3f"
	"\xe4\xd2\x40\x32\xbf\xf5\xbd\xc4\xf3\xe7\xe7\x6f\x3f\xf1\xde\x21"
	"\xa3\x15\xa8\x2a\x1f\x3d\xbc\x30\x43\x6c\x38\xb9\xca\xc5\x4e\x0b"
	"\xd5\xe3\x56\xdb\x4a\xec\x8e\x4f\x4f\x5d\xc5\x91\x60\xbc\xea\xc9"
	"\x48\xc5\xbb\xfc\x84\xbf\x09\x41\xcb\xc7\x65\x54\x7b\x55\xe8\xea"
	"\xe7\x9f\xfd\x58\x36\x3c\xd8\xe4\x23\x59\x3e\x14\x8c\xbe\x86\xd6"
	"\xc6\xc5\x71\x8b\x0b\x0b\x72\xca\x0d\xad\x1d\x7c\x2f\xe3\xa1\xb3"
	"\x2e\x08\x74\xea\x16\x64\x31\x5b\x19\x67\x9c\xf5\x7c\xe1\x51\x53"
	"\xd4\x3f\x34\xc8\x98\x9c\x98\x28\x43\xc4\x7e\x5d\x59\xd3\x3b\xf6"
	"\xfc\x03\xde\x77\x7a\x1d\x18\x32\xcd\x32\x13\x02\x65\xa8\xa9\xbd"
	"\x7e\xda\x0b\xe2\xb6\x8f\xa7\xd1\x7b\xb2\x41\x31\x93\x2b\x01\x90"
	"\x9b\x7a\xa3\xfe\xe1\xc6\xfe\x03\x45\xd0\xde\x01\x84\x30\xdd\x47"
	"\x63\x06\x49\x79\xd5\x37\x29\x54\x2e\x97\xbe\x9e\x87\x4b\x5b\xe2"
	"\x61\x6b\xa9\x8b\x18\xed\x39\x00\x19\x4d\xa8\x51\x40\xdf\xb5\x28"
	"\x89\xae\x6b\x01\x81\x5c\xe4\xc5\x72\x78\x72\xf0\x72\x1b\x3b\x10"
	"\x00\x5a\xf0\xd2\x83\x4b\x6f\xba\x97\x99\xf8\xe9\xb1\x7c\x60\x75"
	"\xb7\x7f\x58\x54\xfc\xa5\x0d\xd6\xdf\xbf\xfe\xfc\xfa\xf2\xf5\x7d"
	"\x68\x8c\xd3\x4d\xba\x5a\xb5\xaa\x85\x46\x3b\x5c\x85\x70\x88\x10"
	"\xdb\xf1\x26\x4e\xd8\xfc\xc1\x8a\x3c\xf4\x5a\x07\x95\xdf\x7c\xbe"
	"\x17\xd9\x34\xfc\x2e\xfc\x52\xbd\x44\xcd\x54\x0c\xd8\xed\xbc\x30"
	"\x0b\xa1\xe1\x03\x94\xa4\xec\xca\xfb\x9d\xec\x59\x54\x34\x06\x26"
	"\xcc\x7d\x0a\x17\x40\x6f\x7a\xa5\xc8\xed\x7a\xb4\x30\xa0\x57\x0b"
	"\xef\x65\x5c\xd0\xe1\x92\x7a\xae\xe5\x44\x56\x83\x94\xfb\xd9\x36"
	"\xd6\x01\x09\x5b\x50\xd7\xb7\x0b\xae\x5a\xd4\x77\x2f\xef\x5f\x5f"
	"\xfe\xa3\x5b\x6e\x48\x61\xe7\x06\x71\xdc\xa5\x4b\x6b\x98\xa9\x21"
	"\x4b\xef\xd0\xe3\x0e\x4c\x2b\xca\x5c\x9c\xab\x46\x79\x28\x50\x0b"
	"\x5e\x2e\x08\xab\x61\x97\x64\x62\xd1\xf2\xfc\xf9\xf3\x1b\xd8\xb9"
	"\xc8\x71\x4f\x65\xfc\xe3\x9f\xd7\xf6\x36\xcc\xdb\xc7\x0e\xb2\x7e"
	"\xfb\x58\x84\xb2\xbd\x72\xfd\xea\x69\x72\x9f\xfc\xdf\x6d\xd0\xe8"
	"\xab\x60\x11\x10\xdb\xb4\x42\x18\x64\x30\x19\x36\xca\x59\x5a\x7b"
	"\x3e\x77\x62\x23\xc4\xe5\xe3\x23\x5b\x4f\x17\xa4\x95\x0d\x45\x77"
	"\xe0\x7c\xc9\x88\xcf\x83\xf8\x8d\xe5\xab\x1f\x62\x27\xdc\x98\x9f"
	"\x01\x98\xd8\xcc\xd0\xfa\x61\xe3\xb8\x89\x8d\x41\xf3\xda\x35\x64"
	"\x0f\xde\x3c\xf3\xc1\x34\x62\x0c\xb7\xab\x14\x83\xed\xa9\x46\xe6"
	"\xd2\xc9\x87\x8f\x43\x64\xb3\x6a\xca\x24\x36\x06\xcc\xeb\xdd\xc0"
	"\x9a\x4e\xbb\xa2\x3c\x09\x62\xd4\x31\x63\x92\x15\xe9\x24\xa1\xe1"
	"\xb5\xab\x11\x45\xf5\x5a\xd0\x87\xe8\x5a\x40\x4f\xf0\x6d\x4f\x98"
	"\x1b\x19\x8b\xb1\x13\xe5\x0b\x92\x31\x46\xe4\x1b\xcc\x6d\x14\x3f"
	"\x34\xf4\xde\x42\xb1\xd0\x96\x9d\xec\x0e\xb5\xaa\x30\xa3\x5c\x34"
	"\xb4\xbc\x9f\x9b\xe3\x5f\xcb\xd0\xd6\x0d\xa1\x8d\xad\xa8\x05\x32"
	"\xd5\x98\xb5\x09\x44\xbb\x6b\xf2\xbc\xb6\xe6\x27\x91\x8d\x97\xe8"
	"\x3c\x59\xc2\xf7\x30\xf3\x76\x54\xed\x46\xbb\xa2\x39\x01\x61\x63"
	"\x97\x6e\x25\xfb\x9e\x6a\x39\x9f\x9a\xdc\xd7\x87\x0c\xbb\x6c\x22"
	"\xf5\x31\xe0\xbf\x3c\x7f\xfb\x26\x17\x9e\xea\x36\xcd\x8c\x5b\xdd"
	"\x17\x6d\xda\xde\x0f\x94\xfe\xa0\xa8\xbe\x9c\x77\xe1\xf2\xec\x4c"
	"\xea\x2d\x2e\xde\x09\xf8\x07\x3b\xcd\x50\xc8\xa5\x8f\x36\x2d\xf7"
	"\x7a\xb2\x41\x27\x95\x4a\xce\xe4\xe8\x74\xac\x71\xb9\x9c\x35\x86"
	"\x2e\x2e\x96\xb5\x98\x22\x6a\x14\x4a\xde\x42\x49\x0d\x62\xfd\xea"
	"\x0e\x76\x08\x54\xb1\x5f\xff\xfa\x26\xc7\x46\xdd\x6b\x30\x99\xd5"
	"\x0d\x40\x69\x78\x2c\x65\xa8\xe5\x38\x16\x00\x71\x4f\xde\x57\x0c"
	"\xec\xc8\xf9\x46\x00\x0e\xe6\x0d\xc0\xed\xd8\x35\x97\x8b\x9a\xa6"
	"\x5e\xec\xde\x1e\x8f\xb1\x5d\x76\x5b\x3d\xc3\x96\x19\xb5\x55\xdc"
	"\x56\xc4\xad\xb1\xd4\xb4\x53\x8e\xc4\x91\x6e\xba\xd7\x01\xc8\x52"
	"\xdf\x73\x5b\xed\x8c\xd8\x92\xbd\xfc\x7c\x5c\x64\x2c\x9c\xbc\x18"
	"\x43\x8b\x63\xa9\xef\xc7\xb1\xe1\xcd\xd5\x94\x57\x48\x58\xb7\xbe"
	"\xcd\x35\xc4\xdd\xcc\xb5\xed\x7a\x23\x57\xb9\x14\xd7\xd7\xea\x1e"
	"\x0c\xb0\x39\x6d\x76\xe3\x8c\x6a\xfe\x58\xca\x90\x1b\xa4\x5a\xfb"
	"\x68\xfd\xa3\xf4\x3a\x3e\xe4\xa4\x5b\x18\xf7\x32\x65\xd2\x3a\xeb"
	"\xc0\xaf\x97\x95\x97\x06\x2e\xb6\x86\xa4\x7b\x0e\xfd\xf6\x97\x10"
	"\xfc\x57\x60\x27\x49\x53\xb8\x10\xa9\x97\x04\x9e\xb9\xd8\x63\x1c"
	"\xb7\xa9\xdf\xd3\x0c\x4e\x8c\x21\x30\x69\x8e\x3d\x94\xa6\x08\x1a"
	"\x4a\xf5\x28\x93\xe9\xeb\x44\xd4\x77\x46\x58\xf2\xbd\xb4\xbf\x54"
	"\x21\xd6\x47\x03\xd3\xe4\x2a\xaa\x24\x14\x16\x2d\x0d\x98\xee\x17"
	"\x8f\xb7\x99\xf5\xd7\x0d\x76\xf9\x35\x78\xa8\x03\x14\x0d\x5f\x03"
	"\x3d\x3b\xc9\xd2\x6e\x4b\x84\x1c\x48\x1e\x11\xb7\x62\x5c\x18\x92"
	"\x19\x6e\xed\x32\xee\x45\xc8\xc7\x32\x43\x5c\x3b\xe2\x19\x91\x22"
	"\xdf\x57\x5d\x7e\xf2\x8d\x10\xdf\x22\x8e\x0c\x0e\x10\x49\xa9\x41"
	"\xe5\xe3\xfd\xdb\x07\x0f\x0d\x3a\x39\x32\x60\x86\x11\x2d\x3c\xd3"
	"\x62\x90\x67\x2c\x0d\xe5\x35\x40\x46\x46\x26\x14\x27\x8e\x6f\x64"
	"\x8a\x3a\x8e\x10\xf3\x96\x11\x41\xbf\xd3\x6b\x3e\x2a\xfc\x99\x39"
	"\x1f\x91\xfa\x61\xe0\x1a\x99\x2c\x17\x79\x2a\x94\x8b\x93\xd6\xdd"
	"\x84\xc8\x71\xc6\x48\xf7\x73\x64\xb6\xdd\x1a\x29\xf9\x56\x36\x6e"
	"\xd0\xda\x19\xcc\x59\xc6\x84\xf1\x82\xc8\xca\x44\xc8\x19\xcf\x84"
	"\x09\x62\x4b\x5e\xf2\xa1\xfc\x4d\x64\x6c\x23\x7b\x72\xdc\xe7\x7d"
	"\x7f\xb7\x31\x57\x6a\x23\x92\x4d\x10\xdc\x0c\x28\x0f\xbf\x9e\xdf"
	"\x5f\xbe\x7e\xf9\x72\x27\x5e\x5f\xfe\xfc\xf8\xfa\xfe\xf5\x8f\xb7"
	"\xd7\x1f\xff\x77\x47\x3f\x5e\xfe\xa9\xf4\x86\xfe\x78\xfd\xae\x56"
	"\xfe\xbb\x5f\xaf\xef\x77\xfb\xe7\x5f\x7f\xbc\xea\x36\x12\x94\x4a"
	"\xe8\x4e\x75\x0c\xfa\x66\x36\x01\x74\x7e\x6d\x94\xf8\x61\xee\x68"
	"\x99\x6d\x5d\x3f\x70\x7b\x9b\x93\xfe\x19\x74\xbb\x24\x8a\x0a\xfa"
	"\x8d\xa6\x91\x9b\x39\x78\x81\x94\x25\xe5\x61\xb9\x4a\x59\x70\x93"
	"\x6f\xdc\xea\xf2\x9c\x27\xfa\x50\x56\xa7\xca\x22\x0e\xb0\x22\x27"
	"\xce\x90\x41\x57\x1f\x59\x7d\x93\x7f\x12\x1b\xf3\x87\x86\x11\xc4"
	"\x86\x6a\x39\x9c\xd9\x22\x0a\x06\x5c\xe8\x4e\x48\xe4\xbe\x5e\x3a"
	"\xec\xa6\x2f\x76\x47\x7b\x5d\xa7\xe7\x9f\x72\xa1\xa1\xd7\x90\xea"
	"\x03\xc1\x93\x2c\xf2\x11\x3b\xb0\x09\xb2\x59\x83\xc4\x16\x84\x81"
	"\x3d\xe9\x0a\x26\x58\xc1\x84\x2b\x98\xc4\xce\xf8\xd6\xf2\x24\xde"
	"\xc6\xb1\x30\x42\xd6\xa0\x9d\xd9\xac\x62\x5c\x3b\x13\x7a\x76\x26"
	"\x5a\x91\x57\x64\xa9\x67\x9e\x46\xa1\xed\x7d\xf1\x3a\x47\x74\xb3"
	"\x2f\x88\x68\x6b\x73\x22\x19\x0f\x3d\xc7\x42\xb8\xb6\x92\xd0\xe0"
	"\x1e\x74\xf0\x8c\xcc\x2e\x72\x63\x27\xd8\x59\x99\xd8\xdb\xed\x2d"
	"\x50\xe0\x47\x01\x37\x32\xfb\x22\x70\x63\x54\x7d\xee\xc2\x78\x8e"
	"\x8d\x89\x42\x87\xd8\x08\x73\x8b\xe8\xd7\xfd\x88\x79\xeb\x08\x1d"
	"\xe8\x21\xc4\x14\x89\x2f\x95\x0c\x3e\xa8\xcf\x58\xc0\xbf\x0b\x25"
	"\xe2\xc8\x08\x7c\x4a\x37\xe6\x02\xcb\x99\x67\xe3\x7a\x96\x46\x21"
	"\xd7\xf6\x39\xc1\x82\xad\x8c\x8c\x1a\x5f\x03\x3b\x93\x38\x36\x46"
	"\x4e\x42\x5c\x2b\xe3\xb9\x81\x9d\xf1\x3c\x3b\xb3\x59\x91\x4e\xe8"
	"\xac\x60\xcc\x65\x56\x56\xc5\xae\x9d\x09\x9d\x30\xb0\x43\x6e\x62"
	"\x67\xc2\xd8\xca\x24\x91\x0d\xf1\xdd\xc8\x52\x89\x12\x0a\x43\x3f"
	"\xb1\x33\x9b\x15\xe9\x04\x8e\x9d\x59\x55\x68\x4b\x2b\x63\x69\xed"
	"\xdb\x46\x48\x91\x62\xd6\x9d\xd7\xbe\x3d\x45\xd5\x56\x87\x96\xc1"
	"\x10\x3d\xa5\x2b\x60\x19\x3f\x24\x60\x4d\x21\xb0\x01\x91\x0d\x88"
	"\x2d\x40\x6c\x2b\x64\x6c\x2b\x64\x6c\x2b\x64\x6c\x2b\xa4\xad\xe3"
	"\x90\xf3\x07\x1b\x60\x2b\x64\x12\x78\xfe\xc6\xce\x6c\xdc\x15\x8c"
	"\xf9\x79\xeb\x34\x8e\x7c\x4b\xb7\x02\xcc\xc6\x33\x57\x4b\x29\x40"
	"\xf7\x26\x6f\x18\xe5\x02\xd5\x08\x1e\xd0\x54\xc8\x3e\xc1\xb7\x32"
	"\x91\xa5\x3d\x49\x26\x8a\x1d\xcf\xca\x24\xce\xc6\xf2\x78\xbb\x38"
	"\x48\x90\x6d\x35\x86\x29\x2f\x5f\xee\x3e\x33\xeb\x40\xcb\x0f\xc2"
	"\x32\x4a\x48\xc2\xd2\x0b\x48\xc2\xff\xcb\x46\xa4\x96\x34\x0c\x9a"
	"\x7b\x97\x89\x17\xcb\xdd\xc8\x37\xbf\xec\x9c\xa5\xcb\x1d\x4f\x1d"
	"\xe3\xb9\x76\x26\x3c\x7b\x8e\xa5\xd0\x8c\xa7\x9b\x88\xad\x83\x2c"
	"\x9f\x5e\x8f\x6d\x7d\x4b\xd7\xcd\xd3\x43\x10\xb6\x2d\xa8\x0f\xdb"
	"\x66\x3e\x5c\x08\x1e\x05\xb6\xc2\xb1\x30\xb4\xad\x70\x52\xd7\x8b"
	"\xb3\xd8\xba\xa0\xe2\xae\xe3\xda\x92\xe2\x51\xec\xc5\x76\x26\xb2"
	"\x4c\xf4\xe5\xcb\x89\x6d\x53\xf0\x92\x78\x4e\x62\x45\x2c\x83\x93"
	"\x44\x7c\xcf\x3a\x08\x46\xe6\xaf\x58\x1c\x58\x6a\x19\xb5\x05\xab"
	"\x5d\x4b\x7f\xa1\x10\xdf\x8e\xc4\x36\x64\x63\x69\xd5\x80\x58\x1e"
	"\xf9\x44\x49\x18\x87\xe6\x85\xc0\x49\xb8\x9e\x65\x32\x77\x12\xe0"
	"\x6a\xdc\x88\x9c\x63\x3f\x8a\xdd\xcc\xca\x24\x6b\x18\x6f\x05\xe3"
	"\xdb\x91\xc0\x86\x14\x51\x1c\x08\xbe\x82\x0a\xcb\xbd\x8d\x0a\xbd"
	"\xe8\xb0\x5b\x01\xe5\x07\x5d\xcc\x59\x35\xee\x91\x89\x23\xed\xe1"
	"\x02\xa8\xee\x36\xfb\xbc\x04\xcb\xbb\xe1\x90\xa0\xcb\xf2\x82\x3c"
	"\x76\x8c\xff\xee\x2c\xe1\x71\x1f\x68\x71\xb9\xda\xdd\x5e\x03\xef"
	"\xdd\xe0\x81\x0c\x8e\xe5\x6b\x7e\x2b\xcf\xf2\x1d\x39\x16\xa2\xdb"
	"\x57\x27\x08\x25\x52\x77\x67\xca\xf3\x79\x20\xe2\x5b\x70\x47\x68"
	"\x23\xc7\x10\x4c\x9d\x50\x77\x8b\x72\x84\x8e\x6b\x96\xe8\x6e\x19"
	"\xce\xa9\xc0\xe1\x32\xaa\xad\x35\xde\x87\x97\x4a\x03\x1a\x9f\x13"
	"\x00\xd0\xb5\xec\x96\x0a\x97\x1a\xee\xfa\x50\xb7\x15\x0b\xf2\xa2"
	"\x3a\xcb\x85\x28\xa3\x82\x63\x39\x19\x9e\x71\xdc\xe8\xad\x8f\x93"
	"\x56\x33\x71\xa0\x5c\x81\x16\x5f\x2f\xd0\xdc\x96\xe5\xa7\x5d\x93"
	"\x3f\xe8\x6e\xbd\x36\x39\x93\x8f\xe8\x87\xaa\xa1\x0f\xba\x0c\xd4"
	"\x36\x21\x49\x6b\x7a\x47\x4b\xe1\x6f\x9c\x16\xd4\xc3\xbe\x7f\x99"
	"\x59\x5a\x4e\x0f\xdf\x94\x26\x0c\x84\xd4\x86\x50\xf5\xcd\x4c\x23"
	"\x6a\x7a\xe0\x84\x3f\xca\x58\x5e\x01\x1f\xd8\xa8\x35\x71\xd9\xe0"
	"\xbe\xcd\x7c\x1e\xf3\x50\xdd\xa5\xdb\x25\x16\xf4\x92\x72\xff\x8e"
	"\xba\x2c\x3d\x4d\xbe\x10\x00\xc0\x1b\x34\xb8\xc7\xee\x3f\xed\xb9"
	"\x87\x71\xda\x91\xaa\x56\xbe\xfd\xd3\xaa\x02\x9b\xc2\xc1\x03\x07"
	"\x92\x17\xc4\x5e\x98\x83\xcb\xe4\x80\xe8\x33\xd2\xc5\x68\xbc\x98"
	"\xf2\xdf\x24\x32\x49\x62\x9b\xf6\x8a\x8b\xc1\xd2\xb4\x4a\x09\x64"
	"\x5d\xd7\xf2\x89\xc1\x30\x4f\x14\x48\x31\x01\x04\xbb\xf6\xde\x7a"
	"\x6c\x9e\xba\x7a\x4d\x6c\x7e\x2d\x6d\x3b\x5a\xe7\xe4\xde\xf2\x6c"
	"\x4d\x0d\x87\x39\x99\xa1\xaa\x26\x1e\xb2\x45\x7a\xc8\x2a\xad\x2a"
	"\x28\x04\xb6\xa9\x38\xa7\x7d\x28\x90\xfe\xdc\xff\xeb\xc7\xdb\xcb"
	"\x8f\x3b\xfe\xf6\xfe\xf6\xf2\xf5\xe3\x6e\xfb\xfc\xf2\x9f\x6f\xef"
	"\xcf\x1f\xaf\xb3\xdd\x6c\xae\x0b\x52\xbf\x4d\x19\x99\x26\x37\x8d"
	"\x05\x46\x6e\x15\x1f\xc0\xd6\xeb\xdf\xbf\x3e\x5e\x40\x09\xf2\x36"
	"\x88\xd9\x58\xd7\xbb\xec\xc6\x5a\x16\xae\x91\x54\xc4\xc9\x26\xd0"
	"\x8f\xd0\x0a\xe0\x7e\x84\x8c\xce\xa3\x18\xd9\xd4\xe8\x15\x68\x41"
	"\x25\x05\xd9\x12\x53\xf7\x13\xe1\xc5\x91\x63\x88\xe9\x0b\x90\x72"
	"\x73\xb2\x2b\xf2\x76\x61\x77\xa8\xa1\x0e\x45\x8a\x78\x3d\x05\x46"
	"\xd6\x60\x90\x38\xc8\x5c\x4e\x01\x59\x12\x44\x2e\x3b\x9f\xf0\x6c"
	"\xda\xda\x73\x70\xff\x65\xaa\xa2\x1b\x30\x73\x48\xf1\x5a\xc9\x48"
	"\xe2\xf8\x78\x21\x40\x1c\x78\xa8\x62\xfb\x04\x31\x95\x42\x21\x81"
	"\x51\x8c\xec\xc0\x5e\xc4\xbe\x49\x8c\xe9\xe3\x29\x71\x51\xe2\x49"
	"\xcb\x95\x17\x84\xad\x35\x3e\xdf\xc8\x98\x1e\xf0\x40\x43\x39\xff"
	"\xc4\x55\x15\xe5\x5a\xb2\xab\x09\xa7\xa9\x8f\x8a\x65\xf2\x0b\x9b"
	"\xbd\xab\xbf\x81\x5a\x8a\x11\x03\x34\x90\x61\xc6\x69\x50\xb2\x4f"
	"\xa4\x7c\xea\x52\x56\x61\xe1\xb6\x81\xb9\x97\x23\x0f\x92\x35\x88"
	"\xe3\xb8\x66\x58\xdc\xa5\xab\x3c\x30\xcb\x43\x07\x6f\x64\xea\xb0"
	"\x3b\x40\xb6\xb3\x06\x20\x8a\x42\xc3\xb7\xdb\x03\x71\x68\x01\x12"
	"\xdf\x0c\xc4\x1b\x23\x10\x27\x4e\x64\x96\x7b\x81\x59\x9e\x58\xee"
	"\x4f\x62\x5c\x2e\x42\xdf\x74\x7b\x5e\xee\x3c\x77\xcb\xf4\xed\x2f"
	"\x7f\x52\x36\xaa\x35\xde\x4f\x18\xa5\x27\x39\x7e\x35\xca\x28\x18"
	"\x45\x9a\x5c\x1c\x51\x61\x9d\xee\x02\xf9\x09\xfb\x3a\xab\x65\x29"
	"\x56\xc6\x5d\x0b\x3d\x60\xb8\xae\x26\x27\x4d\xcd\x90\xdb\xb4\xfa"
	"\xc3\xaa\x2c\xb7\xfa\x6f\x73\xb9\xe0\xb8\xad\x4c\x0f\x04\x8e\xef"
	"\x9b\xef\xc7\x22\x7c\x29\x20\x0d\x44\x10\x1b\x12\xb8\x8f\x1d\xfc"
	"\x4d\x37\x65\x20\x42\x17\x97\xf3\x3c\x35\x0f\x52\x9c\x6e\xa2\xb0"
	"\xb5\x30\x2c\x70\xf0\xb1\x94\xdf\x3f\xc6\xf2\x93\xf4\x0c\xb7\x23"
	"\xce\x47\xc9\xb6\x0d\x1c\xcb\x20\xca\xe5\x72\x3d\xc7\x5e\xea\x8d"
	"\x92\x18\x5c\x85\x99\x15\xf3\xfd\xa0\x05\xaf\x95\xc4\x30\xaa\x16"
	"\xb5\x9f\x18\x3e\x62\xd0\xf5\x89\xf1\x9a\x95\xd9\x14\xcc\xd0\x8c"
	"\x49\xc1\x90\x10\x43\xe0\x0d\xd2\x75\x10\x2d\x9b\xde\x55\x24\xe6"
	"\x2d\xd9\xe4\x47\x52\x15\x4a\x01\x86\xbe\xad\x07\x12\xc7\x0c\x78"
	"\x6e\x64\x7c\x6e\x59\x33\x86\x79\xc0\x40\x04\x61\x60\xcb\x25\x36"
	"\x03\x71\x68\x79\xd2\xc4\x75\x6c\x80\x79\xb2\x71\x81\x4c\x83\xba"
	"\x84\xe4\x90\x86\x6c\xe4\x88\x73\xb1\x71\x7c\x43\x23\x96\x00\x44"
	"\x57\x37\xb7\xf2\x73\xe1\x7a\x91\x6f\x66\x0a\xe6\x07\x86\x8e\x46"
	"\xa4\x7e\x10\x27\x86\x0a\x63\x86\x51\xfd\xd4\xc6\x86\x39\x17\x69"
	"\xe8\x53\x55\x12\x63\x4d\x8e\x8c\xa9\x22\xcf\x2c\xde\x18\xe6\x06"
	"\x52\xec\xbb\xe6\xb9\xd3\x80\x58\x32\xf1\x03\xc7\x96\xca\xc2\x2c"
	"\x65\xb9\x2a\x9c\xf6\x29\xd7\xa5\x22\x66\x52\x77\x25\xfa\xc0\xc0"
	"\xa7\xaa\x10\x64\x9f\xeb\x13\x19\xd7\xc0\xe0\x8d\xe7\xc8\x10\xd5"
	"\xa5\x2b\x0e\x7b\x22\x6a\x4b\x44\x7b\xc3\x0d\x5e\x37\x55\xfb\x78"
	"\x41\xf5\x25\x80\xc5\x53\x8c\x7c\x9c\x13\x2a\x0b\x7c\x64\x8a\x31"
	"\x81\x4a\xf9\x4f\x6d\x81\xe4\xa4\xdb\x43\x3e\xd4\x05\xe4\x5a\xa0"
	"\x1d\x29\x03\x3f\x08\x6c\x45\x47\x55\x30\xaf\x08\xe5\xff\x23\xee"
	"\xda\x7a\x1b\xc7\x95\xf4\x5f\x31\xce\xc3\x62\x06\x7b\x0e\x46\x17"
	"\x4b\x96\xcf\xa2\x1f\x68\x89\xb2\xd9\xd1\x2d\x22\xe5\xd8\xfd\x22"
	"\xf8\x24\xee\xe9\x60\x73\x43\x92\xde\x9d\xfe\xf7\xcb\xa2\x2c\x5b"
	"\xb7\x22\x8d\xc5\x02\xfb\x30\xd3\x31\xeb\xe3\xad\x58\x2c\x16\x45"
	"\xb2\x2a\x59\xba\x96\x67\x46\xf9\xce\xc2\x26\x7a\x96\x83\xc1\x1b"
	"\x4c\xb3\x1a\x96\x98\x85\xa9\x57\x0a\xe4\x18\x41\xc1\x02\x79\xc3"
	"\xd0\x07\x19\xb9\x93\x34\x9a\xe2\x0a\x94\xbf\xf0\x0d\x28\xb0\xc6"
	"\xbd\xe0\x0a\x54\xe0\xcf\x97\xd7\xa0\x7c\xeb\x0a\xd4\xd2\x73\xae"
	"\x41\x21\xa7\xe6\x1d\x94\x34\x93\x8d\x32\x57\xc4\xd5\x37\x8a\x79"
	"\x05\xeb\xc0\xb6\x41\x60\xf9\x57\xa1\x82\xab\x50\x4b\x23\xea\x2e"
	"\x35\x20\x4e\x77\x7e\xa3\xa1\x5d\x8c\x42\x0b\xc4\xc5\x5c\x07\x07"
	"\x97\x36\x49\x9a\x63\x4e\x42\x07\xc8\x84\xac\xd8\x6a\xa5\x9d\x3e"
	"\x0d\x2e\x8c\x56\xd3\x33\x48\x91\xa1\xba\x95\xa1\x3e\xb9\x4a\x7b"
	"\x36\x16\x9e\xb6\x07\xf3\x1d\xd7\x38\x50\x8d\x9d\xe4\xb8\x57\xc1"
	"\x16\xbb\x6b\x60\xf6\x55\x6d\xf3\x9c\xb9\xa9\xb4\x2d\xfa\x64\xb7"
	"\xf3\x55\xb3\x28\xcd\x08\xd7\x0c\x99\x43\xe8\x02\x5e\x27\x51\x6e"
	"\xc6\x6e\xea\x9b\x15\x12\xdd\xae\x33\xe7\x68\x2a\x17\xa0\x50\x2b"
	"\x12\x25\x8d\xd7\x34\x9b\x96\x07\xe5\xcd\x2e\xde\x0d\x5b\x34\x2e"
	"\xa3\xf9\x42\x3a\x5d\x08\x9f\xdc\x27\x76\xe8\xa2\xea\x3c\x56\x2c"
	"\xc3\x81\x77\x69\x99\x90\x92\xa2\xf7\xfb\xe4\x11\xb7\xef\xfa\x91"
	"\x95\x93\x2e\x62\xcb\x3a\xa3\xe7\x1c\x1d\xb7\x4a\x25\xec\x05\x91"
	"\x74\x7f\x32\xfd\xeb\x76\xba\x1c\x9e\x67\xfb\x69\x02\xc9\xf6\xf9"
	"\x34\x65\x43\xca\x62\x92\x92\x4a\xdb\xe3\x66\x15\x4d\xd2\x76\x69"
	"\x37\xcf\x85\xd3\xe1\xe9\x8b\x34\x9f\xee\xff\xd9\x5b\xe1\x39\xda"
	"\xae\x0a\xa8\xda\xc6\xd0\xec\xf9\x03\x7b\x3e\x3e\x3c\x1e\x66\xf7"
	"\xaf\xef\x13\xe1\x17\x9b\x5c\x21\x49\xc1\xdd\xdf\x25\xf3\xc5\xd8"
	"\x53\xf4\x26\x6e\x57\x2d\xb6\x2d\x64\x6a\x3b\xa9\x90\xe0\x57\x4f"
	"\xc0\xd1\xc8\x16\x2f\xad\x24\xf0\xa4\x6e\xa2\xa4\x01\x8e\x47\xe5"
	"\x15\xa8\x90\x86\xc6\x56\xc9\x1f\xa2\x04\xbf\xcc\xe5\xb8\x35\x17"
	"\x5a\x1d\x6d\xa7\x14\xed\x96\x45\x14\x46\xbc\xe3\x75\xad\x49\xda"
	"\xce\x13\x07\x42\x7d\x83\x9b\x40\x52\xb0\x29\xf2\x30\x8d\x44\xdb"
	"\xb3\x0f\xfa\x1e\xa1\x31\x7b\x53\x96\xa9\xe0\xb7\xd9\x9a\x76\xce"
	"\x7d\x54\x3d\x72\xd6\x3b\x30\xf3\xc7\xed\x58\x55\xb1\x33\xfa\xc4"
	"\xaf\xf2\xb4\xbe\x35\xa6\x4e\xe3\xb6\xab\xc1\x94\x84\x94\xac\xff"
	"\xc8\x4e\x08\x78\x00\x49\xa9\x34\x89\x53\xa4\x0c\xf0\x98\x4f\x22"
	"\x52\x40\x48\xe2\x2f\xb6\xdf\x79\x73\x2c\x89\x6d\xcc\x69\xd5\xad"
	"\x69\xb5\xa6\x60\xca\xd5\x1a\xa7\x21\x1c\xfd\xc9\x46\x37\x31\x56"
	"\xc7\xe7\x1d\x4a\x8c\x27\x4e\xd5\x9a\x71\x54\xe1\xbc\x8d\xd2\x02"
	"\x1d\xc2\xa5\x45\x72\xed\x12\x7b\xba\x39\x70\xe2\xfd\x58\xac\x30"
	"\x56\x21\x89\xe5\x5e\x22\x44\x3e\x3e\x37\x18\xcc\x15\x5e\x43\x55"
	"\xb6\x82\x9c\x74\x88\xae\x87\xe3\xae\x66\x4a\x6a\xca\x40\x5e\x0b"
	"\xeb\xde\xd9\x80\x47\xc8\xf0\xf0\x7c\x7c\x3f\xcc\xc8\xcb\xc3\x6c"
	"\xfb\xf8\x70\x7c\xed\xbb\x07\x92\x63\x50\x12\x5d\xdd\xca\xed\x21"
	"\xe3\x88\x43\xc4\x26\x63\xdf\x1f\xe2\x49\xb7\x0c\xa4\x5e\x52\x56"
	"\x53\xf0\x15\x8e\x3f\x6b\xa9\xf6\xe8\xb3\x4b\x2a\x8a\x41\x42\xc8"
	"\x06\x09\x9c\x39\x56\xbd\xa1\xa4\xa7\x80\x5b\x8a\x83\x51\x5c\x34"
	"\x8f\x6b\x63\x94\x62\xb3\x1f\xa5\x45\xfd\x94\x66\x4e\x0d\xcf\x44"
	"\x19\x2f\xea\xad\x8d\xf0\x56\x12\x59\x3c\x91\x83\xc5\x83\x3c\x53"
	"\x00\x07\x29\x54\x85\x5a\x86\x6a\xf9\x3e\xeb\x7a\xa5\x4c\x77\xb6"
	"\x3b\x1f\xfc\xee\x28\xb3\x7c\x2b\xb7\x5b\xf3\xee\x6f\xcf\x9f\x07"
	"\x1d\x5f\x04\xa1\xe5\xba\xcb\x2e\x3d\x08\x1c\xaf\xff\xdb\xef\xfc"
	"\xfe\xf0\xfe\x73\x7e\xb4\xbb\x74\xdb\x09\x5c\xab\xcf\x33\xa5\xd2"
	"\x1a\xd9\x07\x7f\x9d\x70\x15\x65\x78\xe2\xac\x04\xe8\x6b\x41\x07"
	"\x82\x13\x0f\xb8\x0f\x88\x28\x1d\xc8\xa9\xfa\xce\x2b\xb5\x83\x20"
	"\xb5\xd4\x5a\xf4\xcb\xdf\x3e\x8e\xf7\xf7\x87\xe7\x87\xe3\xf3\xab"
	"\x3f\xff\x5b\x9f\xab\x2d\x16\x7f\xd7\xaa\x1a\xcc\xa2\xb0\x76\x77"
	"\xaa\xe1\x08\xff\x15\xa4\xbf\x50\x9c\x93\xd7\xd0\x4b\x50\x9c\x83"
	"\x76\x46\x54\xb9\x9d\x17\xc3\x39\xd0\x21\xd4\x74\x2b\x60\xc1\x1e"
	"\x85\x3b\x51\x4e\x7e\x8a\x0a\x6d\xb2\xa4\x4d\x0b\x8b\xd2\xf5\xc5"
	"\x6d\xeb\xd8\x54\xa7\x65\xa2\xe3\xf3\xcf\xbf\xda\xf3\xe8\xfb\xd7"
	"\x97\xef\x8f\x7f\x76\x3c\xb0\x36\xe5\x34\x3a\xff\x62\xbc\xb4\xc9"
	"\x59\x25\x65\x12\x82\xac\x34\xb6\xcf\x97\xf9\x10\xc0\xef\x7a\x0b"
	"\x14\x2f\xa6\x3f\x9d\x80\x22\x3f\xaf\x98\x8d\x1e\x47\x71\xea\xf1"
	"\xb0\x0e\x04\x75\x0f\x57\x85\xff\x0b\xbd\xfb\xbf\xe4\xe4\xff\x47"
	"\x75\x27\x4f\xba\xc7\x87\x59\x9a\x86\x7f\x40\x90\xf4\xd6\xc3\x60"
	"\xff\x91\x5e\xca\x9b\x08\xea\x51\x89\x44\x6f\xdf\x17\xca\xa3\x4f"
	"\xcc\xca\x74\xe8\xfc\xad\xb3\xc8\x1f\x5e\xee\x1f\x9f\x9e\x0e\xef"
	"\xbf\x2e\xfe\x30\x3f\x7f\xbe\xc8\x7f\xff\x2e\x91\x2f\x1f\xaf\xf0"
	"\xc7\xa3\x73\x2f\x7f\xbd\x3d\xfe\x7d\xf6\xfd\xfd\xf5\xe5\xf3\xf8"
	"\xf2\xf0\xf1\xfb\xd0\xae\x05\xe3\xac\xdc\x2a\xe7\xab\x9c\x26\x72"
	"\x71\xeb\xcc\x98\xc6\xb0\x15\x82\x74\x83\xd9\x34\xea\x45\xda\xd7"
	"\x8d\x93\xde\xe6\x66\xd1\xcf\x87\xc7\x57\xc9\x96\xfb\xd7\x07\xd5"
	"\x82\xb7\xf7\xd7\xfb\xe3\x07\x34\x42\x3d\x58\x7d\x7e\xfc\xab\xe3"
	"\x1d\xa1\x8c\xf8\x19\xda\xa6\xa9\x01\x40\x52\xa1\x84\x43\xaf\x82"
	"\x3e\xfd\xf8\xd2\x4f\x3d\x8d\x6b\xc3\x85\x8e\xa3\x65\x45\x8c\x9f"
	"\x0e\x1f\x3f\x86\x89\x4d\x39\x8f\xcf\xb2\xd9\xff\x75\x7c\x3e\xbe"
	"\x7c\xce\xc0\x7d\xe8\x99\xac\x7a\xf7\x47\x03\x92\x82\xf1\xf6\x2e"
	"\xbb\x06\xf7\x49\x7a\x20\x69\x89\xcf\xd4\x00\xf4\x93\xd3\xc7\x8f"
	"\xfb\xe3\x13\xdc\x6d\x79\x05\xc7\xb4\xc7\xa7\xb7\x21\x82\x37\xa3"
	"\x35\xfb\xf9\x21\x45\x47\x96\xfa\xf1\x7a\x5f\xdf\x37\x5d\x68\x46"
	"\x76\x38\x62\xa2\xca\x7a\x2b\xea\x25\x11\x5c\x9f\x15\x09\x9d\xa6"
	"\x89\x88\x04\xce\xd2\xd2\x10\x17\x3b\x94\x68\x4b\xaa\x8d\x52\x97"
	"\x41\xb0\x98\x26\xa6\xc2\xb1\x76\x48\xb1\xbb\xd0\xb1\x9c\x00\xa3"
	"\x41\xc4\x43\x8c\x36\x47\x69\x69\x38\x9f\xf3\xc0\x72\x7b\x9b\xbb"
	"\x8f\x4f\x29\x42\x87\xf7\x87\xd9\x6f\x1f\x87\x4f\x39\x18\x8f\x9f"
	"\xc7\xdf\x2f\x33\xe2\x3c\x52\x7d\xe8\xbd\xf2\xb7\xf6\xef\x33\x39"
	"\x7f\xe5\x78\x7f\x42\x58\x81\x89\x4c\x52\xef\xfd\x83\xeb\xcb\x05"
	"\x88\x90\x93\x13\x2b\xa7\xa7\x43\x09\xb7\x2d\xa7\x8e\x29\xaa\x64"
	"\xd7\x45\x50\xf0\x9b\x01\xe2\x5c\x4f\x78\x6a\xf7\x44\x33\x08\x04"
	"\x67\xfc\x2d\x93\x1a\xea\xc7\x8c\x48\xe9\x7a\xbc\x3f\xbc\xfc\x71"
	"\x23\x37\xbc\x87\x17\xa9\xe8\xce\x6d\xfb\x23\x54\xfd\x8e\xc4\x76"
	"\xa2\x0c\xc6\x23\x7d\x5f\x2e\xa8\x3e\x53\xfe\xed\xca\xac\xd1\xe3"
	"\x9f\x8f\x9f\x87\xa7\x2e\xd3\xe5\x94\x78\xfa\xd5\xcc\xac\x8f\x3f"
	"\x8a\x24\x39\x4f\x1b\x1a\xb6\xde\x55\xda\xe9\x3c\xfb\x2e\xe7\xbb"
	"\x1a\x91\x16\x24\x5e\x5f\x9f\x3e\xc0\x21\x9e\x44\x1c\x9f\x5e\xdf"
	"\x66\x2f\xc7\xff\xc6\x99\x1f\x55\x69\xba\x9f\x62\xed\xfa\xfd\xf0"
	"\xf6\x03\x2e\xac\x8d\xbe\x0d\x6c\xd7\xe4\xe4\x24\xb1\x9f\xa0\x36"
	"\x7d\xeb\xa2\x52\x1b\xbe\xb6\x8a\xb2\x73\x0d\x4f\xfe\x80\x08\x9c"
	"\xd2\x3e\xe2\x3d\x27\x96\x90\x1e\x15\x52\x1d\xef\x5a\x47\xe6\xd3"
	"\xa2\x00\x30\xf5\x46\x1c\xf1\x55\xd9\x05\x48\x5b\x2c\x89\x87\xbe"
	"\x23\x3b\xb8\x1b\xb9\x24\x35\x3e\xb8\x87\x2d\x89\xd5\xc6\x5d\x7f"
	"\xe7\x14\x70\xca\x55\x8b\x9c\x86\x11\xbe\x6a\xc1\x51\xd9\x49\x53"
	"\xcf\xe4\x30\x0d\x34\x61\xaf\xb4\xc6\x8b\xfb\xc2\x42\xdc\xa0\xb7"
	"\x10\xce\x12\xcc\x33\x50\x0b\xc9\x76\x85\xd2\x4f\xcb\x60\x87\xe2"
	"\x36\x51\x12\x46\x28\x35\x25\x89\x1c\x23\x69\xfe\x27\x48\xa8\x20"
	"\x00\x95\x72\x8f\xa3\xe1\x0e\x49\xa3\x75\xdf\xa0\x6c\xaf\xe3\xce"
	"\x7e\x6b\x56\xce\xf0\xb5\x68\x57\xcc\xdf\xc1\x3f\xad\x34\x2b\x7e"
	"\xbe\x1f\xe0\xd2\xe2\x90\x37\x59\x5e\x6d\x29\xa9\xd0\xba\xb6\x6b"
	"\x8a\x0b\x44\x15\x25\x78\x23\x11\xd7\xa2\x8a\x09\x6b\xb2\x76\x90"
	"\xc3\x09\xa0\x87\xac\x2c\x2b\x5e\xdf\xd2\x14\x6f\x58\x19\x92\xb2"
	"\x8e\xee\x24\xbb\x91\xcf\xff\x00\xba\xdd\xe1\x0d\x5c\xe5\xe1\x86"
	"\x23\x12\xdc\x38\x6d\xec\x27\xc0\x97\x56\x06\x2e\x80\xe1\x4b\xc9"
	"\xba\x09\x9d\xd7\xef\x15\x84\x21\x89\x20\xce\x44\x14\x16\x78\xdf"
	"\x4f\x28\x2d\x20\xe2\x0c\x6f\x19\x50\x6b\x2e\x08\xd6\x86\x34\x2a"
	"\x3c\x6d\xe9\x12\x30\x37\xb4\x2f\x2c\x90\xfa\x61\xc7\x73\xb7\x1a"
	"\x56\x0b\xa9\x7c\x83\x4b\x7d\x43\xd7\x95\x39\xd8\x3d\x0d\xa8\x65"
	"\x3f\x62\x5f\xdb\xce\x84\x12\x4e\x91\x42\x0b\x92\xd1\xb3\x33\xd2"
	"\xe8\xf1\xe3\xed\xe9\xf0\x6b\x56\x48\xbb\xe9\x69\xa4\x1f\x14\xb4"
	"\x4e\xb6\x48\xa8\xf7\x0b\xa4\x31\x87\x0c\x20\x96\x65\x79\x02\x71"
	"\x0c\xac\xc5\xf2\x5b\x48\x0c\xe8\xaf\x11\xab\x13\x61\x2d\xac\x94"
	"\x5a\x68\x50\xe6\x4e\x0b\x48\xca\xab\x0c\xe2\x20\x2d\x31\x17\x43"
	"\x9d\x1e\x49\xdc\x7a\xee\x21\x27\x8a\x17\x9c\xfc\x3f\xe1\x79\xc6"
	"\xe4\xb6\x78\xbb\xb3\xad\xd8\x72\xe7\xd9\xd5\x2d\xe1\x3e\x75\x37"
	"\xc4\xb9\x1e\x1d\x10\x62\x2c\x5b\x7d\xd6\x4f\x6e\x6d\xcb\x2e\x6d"
	"\xbe\x43\xae\x71\x8d\xf0\xdc\x9a\xbb\xc2\x4e\xa8\x19\xcf\x44\x29"
	"\xfb\xbb\x93\xb3\x68\xb1\x08\x96\x5b\x44\x84\x56\x25\x8b\xd6\xb4"
	"\x2f\x8d\x4d\x01\x67\x4a\x4f\xba\x98\x34\x03\xde\xbf\x1f\xe4\x4e"
	"\x6e\xf5\xfe\xf8\xf0\xe7\x71\x24\x68\xcd\x37\x7d\x59\x2f\xc9\x76"
	"\x0b\xcc\x0b\xde\x08\xe8\x3b\xf8\x74\x96\x26\xc6\x4a\xd9\x08\x11"
	"\x09\xf1\xd5\x54\x4a\xb6\x36\x5e\x9e\x9a\x4f\x10\x96\x06\x22\x67"
	"\x4a\xa6\x44\xc5\x0e\xee\x03\xaf\x69\xbd\x0a\x3c\x6b\xeb\xd6\xf1"
	"\x1d\x9a\x0f\x96\xc4\x42\x64\xee\xdc\xd7\x8d\x2a\xac\x68\x75\xc1"
	"\x03\xdf\xc1\x25\x45\xae\xbf\xf2\x3f\x16\x60\xd7\x60\x1b\x0c\x5b"
	"\x5a\x0e\xce\x38\xb9\xe9\xdc\xb0\x15\x69\xee\x15\x2d\xfc\x05\x0e"
	"\x64\xb5\x88\x0b\xcc\xe1\x8a\xe2\x1a\xf8\x9a\x5b\xfa\xb6\xad\xb5"
	"\x08\x48\xb4\x5d\x78\x1a\x0c\x29\xc3\x62\x8d\xaf\x62\x1b\x26\x75"
	"\xb9\x6c\x71\x1a\xea\x21\x37\xac\x64\xb8\x41\x90\xee\x78\xbc\xd2"
	"\x74\x35\xdb\x47\x25\xbe\x8a\x17\x89\xad\xe9\x40\x13\xae\x08\x27"
	"\xb3\xd5\x29\x7c\xd1\xc8\x1e\x89\xdf\xe5\xae\x73\xf6\xaf\x9f\xdf"
	"\xbf\x83\x67\xfc\x61\x74\xba\xb8\xb7\x88\xb4\x66\x9e\x32\xfa\x26"
	"\xa6\x63\xbc\xaa\xc3\x34\x02\x7f\x1e\x97\xe9\x28\xd3\xb2\x5c\xb0"
	"\xb8\xe7\x03\x4f\x26\x46\xc8\xed\x49\x49\x52\x5e\xf5\xb6\x94\x13"
	"\xcd\x81\x04\x54\x25\xff\x8b\x59\x92\x94\xbd\xcf\x17\x27\x42\x98"
	"\x17\x7b\xd9\x52\x32\x22\xb0\x94\xac\xe9\x2a\x61\x62\xd0\x1e\xa0"
	"\x95\xd2\xec\x2d\xd8\x8e\x26\xf0\x7a\xb5\x5e\xed\x27\x03\xad\x49"
	"\x1c\xdf\xf3\xe9\x9a\x81\x30\x59\x33\x10\xb0\x9a\x8b\x32\x87\xaf"
	"\x2b\x72\x22\x0b\xf8\x59\x65\x29\x29\x0a\x0a\xd7\xde\x28\xc1\x58"
	"\x14\xe7\x25\x65\xeb\x4c\xea\x0b\xb9\x0b\xce\x34\xad\xcc\x0b\x3e"
	"\xa8\x8e\x4b\x45\x04\xde\xc4\x91\x92\x53\x02\xb7\xf4\x91\xf8\x21"
	"\x30\x38\x24\xbc\x19\x45\xbe\xe8\x64\x97\x79\x4f\xdb\x8a\x61\xc5"
	"\x82\x25\xaa\xfb\x62\x10\xd4\x6d\x2c\x86\x3f\xda\x70\x3f\x13\x67"
	"\x5a\x30\x54\xca\xf0\xc4\x1a\x58\xa4\xce\x74\xd3\x48\x99\x86\xd2"
	"\xe8\x1f\x8e\xfb\x7e\x45\x4b\x07\x5b\xd3\x21\x9b\xd4\x78\x92\xc7"
	"\x02\xa3\xb3\x94\x0b\x94\x48\x63\x86\x91\xf2\x02\x94\x7d\x89\x73"
	"\x9a\xdb\x91\x7a\xf1\x81\xd1\x33\x29\x35\x0c\x95\x90\x92\x6d\x51"
	"\x1a\x5b\xcc\x2d\x7c\xfc\xe5\xaa\x8b\xd6\xa9\xd9\xf3\x00\xab\xc4"
	"\xde\x46\xde\xa8\x37\x54\xb4\xab\x2e\x4a\x21\x5b\xcc\x37\x10\x50"
	"\x19\xca\xbd\x8c\xe6\x72\xbe\x31\x54\xc9\xdc\xec\xcb\x1c\xa3\xb9"
	"\x51\x8c\x72\x60\x9b\xe7\x51\x9e\xdb\x28\x59\xc8\x95\x11\xed\x8d"
	"\x90\x16\x09\xc5\x45\x89\x94\x37\xb8\x54\xa3\x85\xca\x2d\x56\x8a"
	"\x45\x24\x01\x1e\xa5\x3c\xac\xf0\xfe\x60\xbb\x43\x10\x93\x55\x5a"
	"\xaf\x77\x62\xee\xf5\x27\x47\xa7\xb3\xcd\x7d\xd3\xc1\x8c\x4a\x29"
	"\xd8\x6d\x79\x8a\xb6\x28\x5d\x49\x1e\xe1\x72\x9d\x22\x8e\xb4\x40"
	"\xf9\x94\x39\x89\xf8\x86\x52\x9c\x85\x55\x5e\xdf\xd8\x4b\x6b\x87"
	"\x8b\x0c\xba\x3b\x50\xbb\xb6\x15\x3a\x6b\x38\x97\xf3\x11\x79\x79"
	"\xa3\xf8\xbc\xb0\xa7\x34\xcf\x59\x61\xc2\x4d\xb4\xce\xdd\x8f\xf6"
	"\x26\x8f\x4c\x0c\x13\xc2\x79\x7b\x66\xf7\xdc\xb9\xe5\x23\x69\xc9"
	"\x3c\xb6\x2c\x67\xee\x08\xc4\x81\x81\xc2\xa4\xdc\x09\xdc\x75\x8c"
	"\x5c\x3a\x55\x10\xb1\x75\x3d\xeb\x76\x8b\x02\xa4\x92\x5b\x3a\x88"
	"\xcd\xd6\xd2\x5d\xc4\xe6\x03\xba\x88\x72\x67\x9e\xa2\xe4\xed\x7a"
	"\xed\xcc\x5d\x87\xcc\x51\x84\xd6\x49\xb9\x62\x9d\x4f\x7d\x37\xc5"
	"\x5b\xa0\xd9\x6d\x01\x59\xee\x6d\x5c\x7f\x19\xaf\x91\xef\x4b\x27"
	"\x3e\x7a\x96\x7d\x13\x6b\x58\xbd\xd9\x05\x6e\xdf\xf9\xe8\x68\x98"
	"\x7b\xa3\xf9\x6b\x4c\x3f\x3d\xa5\xee\x3d\x63\x3d\x13\xb1\x9b\x97"
	"\x1d\x44\x13\x4c\xfe\x6e\x70\x4d\x72\x84\xbb\xbc\xe8\x06\xe8\x74"
	"\x6d\x24\x2a\x82\xc0\xb7\x0c\x35\x2a\xd4\xc2\x84\x4a\x52\xd7\x77"
	"\x11\x0f\x77\x03\xd4\xd2\x04\x2a\x02\xcf\xdb\x19\x40\xe8\x4d\xec"
	"\x4e\x39\x5b\xcf\xb1\x16\x49\x61\x80\xad\x22\xdf\xb6\x16\x26\x26"
	"\x94\xe1\x2e\xcc\xa6\x97\x3e\x69\x51\x71\x41\x26\xad\x45\x75\x6e"
	"\x36\x30\x8a\xda\xd7\x96\x51\x37\x04\x8f\xdc\x49\xf6\x82\x75\xc3"
	"\x6f\x70\x8d\x07\x71\x14\xa5\x36\x9d\x16\xc8\x0b\x46\x36\xc1\x9e"
	"\x8a\x74\xd1\x81\x84\x49\x25\x9c\xee\xe5\x04\x9e\x57\x59\x4f\x30"
	"\x54\x42\x0d\xd7\x8c\x86\xaf\x45\x5a\x40\xd6\xb9\x30\x20\x7f\x34"
	"\x31\x57\xfb\x49\x45\x98\x8e\x12\x6a\x9a\x44\xe3\x44\x46\xc3\xa5"
	"\x17\xf4\xd3\x37\x77\x11\x2d\xfa\x49\x25\xb9\x4b\xa5\xa5\xd3\x4f"
	"\x84\x18\xa0\xea\xc0\x34\x8f\xe3\x53\x90\xe9\x0e\xf5\xab\x1c\xb6"
	"\x71\x4a\x1b\x8c\x7d\x10\x6b\xa9\xe9\x32\x7c\xee\x9e\xee\xb1\x6a"
	"\x6b\xdb\xd1\x5e\xb6\x4d\xa9\x92\x91\x6c\xfd\x4b\x5e\xfd\xe6\xc0"
	"\x41\x81\x5c\xb7\x23\xfe\xc5\x75\xba\xe9\xa7\xe5\xa1\xce\x93\xa8"
	"\x7f\x73\x4e\xb5\xa3\xcc\xc3\x3a\x1e\x94\xb4\x85\x17\x91\x9c\x2a"
	"\x62\xcc\x87\x2d\xbc\x50\xd1\x80\xbc\xaa\xa9\xe8\x75\x0d\xd5\x28"
	"\x7a\x5b\x41\xcc\xb2\x12\x45\xe4\x45\xe2\xaa\x4d\xa6\x84\xea\x40"
	"\xf3\x29\x50\xb7\x1d\xe3\x9b\x65\x2a\x19\x8e\x68\xd0\x72\x09\xdc"
	"\xe6\x43\xa9\xa9\x28\xc8\x56\xd3\xb5\x26\xae\xb6\xed\x7b\x98\x9b"
	"\x21\x28\xa3\xa8\x50\xcf\x3f\x4a\x3e\xc6\x51\xbf\x36\xd1\x3f\xd4"
	"\x47\xfe\x4e\xa4\x2f\x10\x18\x70\xea\x2e\xb7\x75\xe0\x44\x44\x5a"
	"\x22\xdf\xe8\x17\x7f\xde\x1b\xfe\xe1\x90\x37\xa1\x77\xfb\x09\xd2"
	"\xc6\x89\x58\x3e\xe4\x11\x10\x2a\x62\x6b\x9a\xa9\xfc\x38\x13\x46"
	"\x6e\xb5\x08\x5f\x6e\xf2\xa9\x16\xb1\x61\x31\xe6\x1b\x06\x20\xab"
	"\x30\x42\xb7\x53\x6d\x11\x45\x1e\x99\xe8\x1b\x3d\x42\xe4\x19\x45"
	"\x6f\x34\xb6\xa0\x2d\x91\xa3\xbb\x43\x64\xed\xcc\x49\xf0\xe6\xd1"
	"\x67\x32\xcf\xc3\x51\xc2\x59\xe3\x0c\x19\x0f\x34\x92\x82\xdf\x08"
	"\x5c\x08\x1b\x47\x0c\x12\xa9\x99\x81\xe7\xb0\xa1\xcc\x19\x5f\xa2"
	"\xe1\xaf\xe1\xe9\xba\x05\x9c\x76\xc6\xef\xc7\xe3\xc7\xfd\xe1\xe9"
	"\x38\x0b\x8b\xea\x72\x03\xe2\xf5\xf9\xf9\xf5\xa5\x03\x7d\x7d\x83"
	"\xb3\xa4\x8f\x89\x2c\xff\xec\xdd\x4d\x39\x75\x02\x22\x07\x12\x5e"
	"\xe2\x6d\x6c\x41\x9c\x30\x33\x86\x5f\x81\x29\x22\x24\x32\x66\x17"
	"\x45\x4d\xd5\xb1\x74\x07\x03\x89\x5d\x2c\x05\x98\x64\x29\xf8\x46"
	"\x70\x6c\x6b\xc8\xdd\x89\xd2\xd6\x5a\xfa\xed\x54\xa0\x6f\x2e\xd2"
	"\xc7\xfb\xf7\xd7\xe3\xd3\xf1\xfe\xf3\xfd\xe4\xe5\x44\xa4\xae\x33"
	"\x83\x21\x6f\x6e\xb1\x4c\xf8\x6c\x6f\x8b\xdc\x89\xb8\x58\x13\xb4"
	"\x65\xdf\x76\xd2\xb8\x4e\x11\x29\x56\x4d\x86\x2f\x9c\x67\xed\x71"
	"\xaa\x21\xa2\xe1\xa4\xb7\xf0\x56\x62\xc3\xe5\xa2\x6e\x50\xba\xde"
	"\x92\x88\x54\xf6\x42\xa3\x54\x2e\x20\xdf\x46\x1f\x46\x8e\x80\x68"
	"\x80\xca\x0e\x70\x61\x61\x5e\xdd\x5a\xd0\xcd\xdc\xc6\x9c\x40\x5e"
	"\x20\x9e\x67\x84\xf8\xb6\x6b\x84\xcc\x4d\x6d\xf1\x5c\xe4\xad\xda"
	"\x19\x92\x84\x1e\xf6\x69\xa0\xc5\xac\x44\xcd\xc3\x5c\x0b\x09\xb9"
	"\xeb\x25\xae\x73\x05\xc6\xbd\x02\x33\xbf\x02\xe3\x19\x30\x73\x27"
	"\x99\x3b\x66\x8c\x67\x96\x8f\x06\x77\x4d\x59\xbe\x19\xb3\x70\x8d"
	"\x18\xdf\xdc\xb5\x85\x65\x86\x5c\xd7\xb1\x85\x59\xec\x01\xb6\xdb"
	"\x05\xd7\x14\xe7\xa2\x2e\xbe\x3b\x18\xe4\x5d\xe4\x05\xe2\xb9\x89"
	"\xa1\x18\xb9\x3e\x3a\xb6\xe3\x69\xb4\x8f\x3a\x4c\x57\x9a\x64\x6a"
	"\x65\xa4\x7c\x61\x1b\xa4\x8c\xf2\xc0\xb5\x7d\x23\xc4\x31\xf3\xe5"
	"\x04\x33\xb1\x79\x2d\x52\xdf\xa0\xd2\xe0\x78\x18\x22\x56\x5b\xae"
	"\xbe\x61\xd2\x8e\x5f\x06\x9e\x41\x0b\x29\xd0\x12\x73\xb5\xdb\x05"
	"\xf9\xfa\xc1\x38\x05\x46\xac\xef\xe0\x73\x86\x3a\x7c\xbc\x1a\x7e"
	"\x7a\x7e\xa4\xc5\xcb\x7d\x8e\xed\x07\xb6\x11\xb3\x58\xee\x8c\x43"
	"\xd1\xe2\x4c\x63\x21\x71\x72\xf0\x03\x72\x4d\x81\x0d\xf0\x8a\x12"
	"\x3d\xdb\xf9\xeb\x9a\x02\x15\xce\x54\x5e\x29\x3c\xdf\x20\x9e\x00"
	"\x71\x6d\x23\x64\xb1\x30\x56\xc6\xd7\x22\xf1\x74\xd6\xb3\x02\xb1"
	"\x32\x3e\x99\xae\xe6\x15\xdc\x6c\x64\x71\x9e\x3a\xbe\xe5\x98\xdb"
	"\x76\xc2\x99\x18\x2b\x71\x73\xcf\xd7\x4b\x3b\x17\x04\x0b\x9b\xd7"
	"\x85\x78\x06\x46\x08\x26\x8d\x51\xbd\x3d\x27\x08\x77\x3c\xc3\x9a"
	"\x22\x31\xa8\x67\x93\x2e\x66\x61\xef\xcc\x18\x47\xdf\x66\x11\x93"
	"\x65\xb0\xd0\x2b\x66\x91\x6c\x5d\xc7\x22\x2c\x74\x5c\x23\xb7\xbb"
	"\x58\xd3\x08\x9e\xb1\xae\xbd\xdb\x5d\x89\x34\xe0\xb8\x4b\x1c\x67"
	"\x41\xb5\xa0\xbb\x34\xf0\x6c\xcb\x08\x31\xd8\x46\x0a\x32\x37\x42"
	"\x02\x63\x45\x98\xf3\xbe\x2e\x04\xf3\xb4\xdc\x81\xb8\xe6\x52\xdc"
	"\x85\x11\x32\x37\x97\xe2\x99\x7b\xe4\x19\x59\xb7\x58\x98\x4b\x59"
	"\xf8\x26\x48\x60\xcd\x8d\x02\x79\x82\x99\x64\x11\x1c\xa5\x58\xc6"
	"\x66\x2f\x7d\xcb\x0c\x71\x8c\x90\xc5\xdc\x0c\x31\x8e\xf8\x32\xd0"
	"\x9b\x8b\xdf\xd4\x36\x74\xe9\x17\x8e\xbe\x41\x19\xa9\x02\x6f\x6e"
	"\x19\x31\x81\x7d\x05\xc6\x30\x23\x44\x41\x20\x18\x0c\x71\xcc\x3a"
	"\x49\xa7\x11\xd4\x99\x99\xfa\x60\x69\xc2\xf0\xb0\xd2\xe3\x9a\x75"
	"\x6b\x5d\x92\x62\x73\x3d\x70\xaa\xd4\xe6\x33\x1b\x8b\xc6\xd7\xb3"
	"\x37\xac\x1f\xac\x9d\x45\x97\xd0\x82\xa2\xa4\xd9\x5a\x4c\xfb\x29"
	"\x94\xc0\x92\x4c\xc5\x18\xae\x36\xdd\x67\x8a\x50\xde\xe5\x0c\xa7"
	"\xd9\xff\xbf\x1d\xef\xe1\xd6\x3a\x34\x67\x62\xd3\x0d\x39\xc8\x5c"
	"\xd0\x10\xad\x17\xfc\x16\x54\x22\xaf\xb4\x88\xb2\x9a\xfa\x96\xa5"
	"\x68\x45\xd1\xf7\x8b\x7a\x4e\x64\x25\x5e\x20\x47\x2e\x51\x28\x62"
	"\x05\x9f\x29\x51\xf2\x8a\x26\x37\xc8\x55\xa7\x86\x2c\xf2\xa2\x46"
	"\xa2\x67\x02\x20\xdc\xd0\x12\x09\x59\xd9\x90\x99\xfc\xa5\xa1\xe7"
	"\x25\x27\x9a\xae\x15\x65\x1e\xb1\x1b\xba\xc7\xfb\x17\xaa\xf7\x23"
	"\x38\xb9\x79\x8e\x85\xd2\xa5\xa0\xac\xf3\xac\x64\x9c\xa2\x10\x9a"
	"\xf2\x01\x07\xba\xc4\x84\x86\xfd\x67\xae\x4d\x6a\x8e\x17\xf7\x4d"
	"\xf6\x07\xa5\xae\x69\xba\x62\xc8\x64\x52\xf4\x18\x39\x58\x05\xe2"
	"\x26\x4f\x04\xbd\xc1\xf3\x0a\x3f\x70\x71\x5e\xcb\x66\xe9\x05\xf7"
	"\x66\x8f\x33\xa9\x0a\xe1\x06\x65\x88\xd2\xef\x48\x82\x39\x81\x52"
	"\x4d\xdb\x97\xf8\x13\x05\x00\xb0\x90\x44\x78\xed\x4c\xe0\x34\x71"
	"\xc7\xb2\x0d\xc9\x34\xdd\xce\x38\x93\xaa\x44\x53\x79\x12\xe2\x91"
	"\x57\x15\x9d\x46\x1a\x1a\x1a\xdc\x50\x91\x25\xd7\x86\xfa\xa4\x43"
	"\x56\x37\x5f\xd2\xbc\xe2\x23\xa5\x90\x92\x7d\x9c\x10\x8e\x66\x64"
	"\xe0\xa9\x37\x8f\xc5\x28\x5f\x9e\x49\x05\xda\x97\xc0\x2e\xb9\x4a"
	"\x04\x53\x62\xd0\xd7\x93\x19\x93\xd9\xb2\x28\x1f\x16\x97\x09\x86"
	"\xf6\x2d\x13\x25\x5b\xa3\xd4\xbc\xd4\xc9\x6a\x41\x32\xf0\x14\x9e"
	"\xe4\x9a\xb9\x50\xd0\x4c\xb2\x06\xb9\x85\xd3\x00\xe4\x4e\x79\x9f"
	"\xed\x70\x80\xd4\x4e\x83\xe7\x23\x5d\x6a\x42\x32\x75\x73\x39\xe4"
	"\xc3\x6e\x17\x25\x4b\x09\x5e\x6e\x09\x37\x67\x34\xf2\x5a\xe6\x61"
	"\x48\xf0\x76\x4b\x95\xa8\xe3\xcd\xe9\x76\x37\xd2\x6a\xf0\xeb\xd2"
	"\x3f\x0b\xce\xf6\x3a\x0d\xae\x02\x06\x26\x2c\xd3\xd4\x27\x28\x49"
	"\x75\x54\x9a\xc0\xf1\x1b\xc5\xb5\xac\x6c\x6e\x91\x68\x16\xa9\x32"
	"\xc5\xa5\x68\x5d\x52\x9a\x11\xae\xd1\xf1\x3c\x25\xa5\xf8\x9a\xef"
	"\xb5\x55\x08\xa6\x99\x85\x52\x35\x71\xaa\x99\xc4\x62\x23\x35\x44"
	"\xaa\x21\x97\x15\x17\x29\x81\xe7\x2a\xb8\x86\x04\x9b\xa4\x2e\x90"
	"\x1b\x72\x8d\x8e\xc4\x7c\x80\x2b\x2a\x63\x69\xae\xd1\x73\x3b\x26"
	"\x67\x03\x4a\xfd\x46\xcb\x5c\xcb\x9f\x6f\xfb\x48\x1a\x26\x1a\x25"
	"\xd8\x38\xa5\xa8\x37\xd5\x0a\xb7\x35\x92\x02\xaf\xe0\x76\x5b\x4e"
	"\xc6\x60\x9f\xb4\xfc\x9a\xe3\xc9\x91\xf5\x57\x20\x51\x57\x4f\xf0"
	"\xc1\x73\xbb\xf3\xc3\xb5\x7e\x15\xe7\x5c\x70\xdc\xb2\x99\xbc\xff"
	"\x0c\xe5\xe5\x9b\x90\xd5\x70\xcb\x55\x1a\xc3\xcd\xed\xdc\x8b\x46"
	"\xec\x78\x62\xe9\x27\x36\x21\x89\xfa\x69\xa4\x0c\x37\xf5\x86\xf0"
	"\x7a\x13\x46\x3d\x4a\x1f\x56\x74\xfd\x79\xa8\x7c\x59\x26\xb5\x5b"
	"\x48\xeb\x8c\xde\x9d\xdd\x05\xfc\x9a\x7a\x97\x0c\x6c\x3c\x9d\x11"
	"\xf6\x59\xd8\x86\xf6\x80\xfb\x2a\x8c\xf7\xd6\x02\x45\x36\x7b\xaf"
	"\x51\x9c\x10\x6b\x1d\xad\xbe\xdb\x48\x75\x95\x30\xe4\x05\x5a\x8b"
	"\x5a\x25\xea\x0a\x0e\x17\xa8\x08\x01\x52\x2e\xa5\x1c\x6e\x57\xae"
	"\x21\xd0\xb2\x4c\x40\x8f\x86\x01\x8c\x45\x7f\x02\xda\x9d\x1a\x8e"
	"\x15\x89\xa7\x85\xee\xf5\xe3\x13\x5e\xea\xc1\xfb\xd3\x27\xb8\x2f"
	"\x3f\xb6\xf5\x55\x7e\x7f\xb1\xb3\x2c\x18\x38\x44\x48\x76\x20\x24"
	"\xc3\x71\x6d\x52\x47\xe3\xd9\xa4\x9e\x2e\xc7\xf5\x49\xf4\x52\x4c"
	"\xaf\x7e\x95\x5e\xc2\x2d\x7a\xc9\xb3\x5a\x08\xa4\x15\x0a\x26\x04"
	"\x08\x0a\x97\x06\x79\x34\x51\x78\xd3\x9a\x71\xe1\xd8\x1d\xcd\x2e"
	"\xa0\xde\x70\x16\xea\xaa\xde\x74\x6e\xfd\x0d\x6b\xc9\x77\x95\x63"
	"\x5b\x9b\x62\xc8\xc4\x1e\x08\x42\xaf\xdb\xfe\xce\x88\x71\x7d\x47"
	"\x8b\x89\xa5\xa0\xc1\xd9\xb0\x0e\x03\x81\x1f\xc1\xb7\x3e\x3e\xa8"
	"\xf9\xe4\xa0\xe6\xe7\x9e\x0e\x07\x36\x37\xf1\xa0\x3a\x01\xd0\x36"
	"\xf1\x24\xb0\x6d\x2d\xa2\x0c\x88\xef\x7b\xcb\x85\x16\x04\x6d\x50"
	"\xbe\x3e\xd2\x81\xf1\x71\x96\xfb\xe6\x5d\xc8\x2c\x7c\x3a\x7c\x7c"
	"\x4c\x6d\x70\x95\xde\x09\x71\x91\x50\xd7\x8f\x90\x45\x4e\xcd\xba"
	"\x08\xcf\x2b\xfa\xaf\x6e\x9a\x68\xd8\x72\x45\xfb\xe7\x4c\xb1\x40"
	"\xe4\x25\x5c\x10\x7f\x38\xbe\xc1\xe3\x6e\x70\xa5\xc0\x43\xce\x66"
	"\xff\xfa\xf9\x39\x5b\x25\x37\xa0\x00\x6b\x1e\xcd\x9e\x0f\xbf\xda"
	"\x6b\x12\x87\xa7\x8f\xd7\xd9\xbf\x8e\xb3\x97\xe3\xf1\xe1\xf8\xf0"
	"\x1f\xb2\xd0\x63\xaf\xa4\xcd\xf1\xe9\x4d\x5d\x99\x78\x06\xbf\x70"
	"\x8f\x2f\xdf\x5f\xfb\xca\xf1\x84\x1b\x0e\xd6\x29\x59\x73\x95\xaa"
	"\x8b\x82\xcd\x35\x66\xab\xf5\x4a\x23\x82\xc4\x64\x65\xc4\xc5\xd2"
	"\xda\xc1\xac\x80\x2e\x8e\xf1\x08\x7b\xd2\xdb\x85\xc9\xbf\x89\x30"
	"\xa2\x78\x14\x95\x48\x9c\xb8\x21\x0c\xf1\x1c\xdb\x85\x7d\xad\xd2"
	"\x82\x6f\x72\x73\xb5\x24\x21\x55\x44\x8c\xb0\x3c\xa3\xf8\xbe\xb4"
	"\x0b\xbc\x21\x65\x6a\x2e\xae\x75\xd0\x22\x07\x24\x34\x8f\x07\xcd"
	"\x24\x13\x57\xbe\xe3\xe1\xbc\xae\x08\x9f\x9c\x6b\xec\xf9\xf0\xe7"
	"\xe3\xcb\x9f\x1d\x6f\x25\x7d\x3d\x14\x85\x81\x66\x04\xd5\x06\x4e"
	"\x23\x59\xac\xc0\x3d\x81\xab\xfc\x4a\x21\x44\x25\xa6\xb8\xa3\xbb"
	"\xd0\x1d\xd9\x03\x32\xad\xde\xe4\x9a\x85\x5c\x21\xd6\x24\x5a\x53"
	"\xa1\x29\xb7\x71\xba\x55\xe6\x97\x88\x41\xc5\xd3\xe1\x53\x4e\xc5"
	"\xe7\xd9\xfa\xe9\xe7\xf1\xb4\xda\xb6\x2e\x77\x06\x26\x0b\xe4\xcf"
	"\xe3\x91\x2f\x94\x33\xad\x79\x2c\x3e\x6c\x95\x83\x36\x19\x5e\x59"
	"\xb2\x88\x12\xa4\xbd\xb0\xac\x2c\x7c\xab\x5f\xd1\x29\x71\xbc\x08"
	"\x9c\x09\x92\x49\x6d\x07\x47\xab\x14\x00\x1a\x1e\x29\x88\x76\x45"
	"\x03\xec\x99\x5b\x93\x62\x04\x2c\xc2\x54\x75\x73\xeb\x71\x32\x5b"
	"\xdf\x42\x44\xf2\xd3\x94\xf9\x38\xe7\x24\xd5\xf1\x51\x2a\x89\x2a"
	"\x81\xdc\xd4\x6a\x9a\xb6\xe5\x74\xad\xb1\xf3\xd6\xb9\x40\x3f\xaa"
	"\x28\x84\x66\xa1\x6b\xe7\x70\xb8\x5f\x84\x48\x24\x9f\x06\xa6\xa2"
	"\x8d\xe1\x03\x10\xa9\x4f\x2b\xb8\x39\x21\x22\x56\xd3\x84\xe0\x56"
	"\xa6\xfa\x34\xab\xf3\x2f\xa1\x58\xc1\xb8\xfc\x67\xbb\xc6\x75\x53"
	"\x82\x77\x55\x94\x44\xee\x01\xb6\x6c\x55\xa2\x01\xf9\x54\x57\xf2"
	"\x3b\x52\x96\x4c\x83\x40\x3c\x88\x34\x46\x1c\x97\xb2\xaa\x2c\x87"
	"\x98\xed\x44\x55\x4e\x88\x35\xdc\x9d\x47\xde\x25\x03\x60\x2f\x33"
	"\xe1\xc2\x40\xbf\x29\x76\xee\x70\x59\x03\xfb\x56\xfe\xeb\x78\xf6"
	"\x0e\x57\xca\x60\x87\xc2\x1f\xae\x67\xb9\x46\xd0\xdc\xb7\xe6\x48"
	"\x7f\xe1\x6b\x47\x2d\x47\x0c\xdc\x1f\xd1\xf1\xb6\x28\xdc\x90\x9c"
	"\x63\x1f\x69\x95\x31\x46\x9b\xfb\xcd\x75\xb6\x5a\x6c\x8b\xdb\xa5"
	"\x35\xd7\x58\x3d\xfb\x82\x86\xe0\x2c\x13\x9e\x6e\x7b\xb6\x67\xe1"
	"\x52\x00\x41\xdb\xe4\x3e\x73\x7d\x7a\xef\xae\xc5\xa5\x51\xaa\x6c"
	"\x8a\x6b\xb0\x37\x7c\x02\x75\x56\x14\xc5\x8f\x5f\x1f\x8f\xf7\x87"
	"\xa7\x59\x72\xf8\x25\x95\xf2\x28\xbc\x9a\x32\xfb\x36\xfb\x91\x5d"
	"\x0f\x1b\x3f\x72\x43\x21\x26\xe2\x04\x9b\xb3\xbc\x68\x36\x3d\x21"
	"\x65\xdb\x61\x5e\x78\xf1\x51\x6f\xb1\xd0\xcd\x67\x63\xdf\xc2\x9d"
	"\x3e\xf2\xac\xe0\x75\x4c\x53\x91\x43\xdb\xf0\x45\x50\x42\x75\xbb"
	"\x57\x55\x14\xd7\x95\xa0\x1e\xdf\x04\x3b\xdb\x1f\xd6\x33\xc4\xd0"
	"\xb4\xaa\x7b\x6e\x31\x7b\xe5\xd7\xb7\xe9\xc0\x7d\xe7\xed\x85\xaf"
	"\x9d\xd4\x0d\x47\xd8\x5d\x25\xc5\xa4\x8f\x92\x76\xe9\x68\xb8\x96"
	"\x89\xb8\xdf\x80\x66\x19\x1a\xf1\xbf\x59\x9c\xf4\x16\x6e\x17\x04"
	"\x8f\xa4\x27\xfd\x34\x77\x80\x30\x9e\x70\x9c\x72\xf7\x65\x69\x59"
	"\x13\xf4\xd6\xa2\x02\x07\x88\xab\x2a\x8e\xe1\x79\x80\xd3\x11\xc3"
	"\xe3\xfb\xe3\xdb\x8f\xe3\xbb\x14\xc4\xcb\xbe\x7c\xb8\x5e\xb5\xfb"
	"\xbb\x0a\x79\x73\xae\xaa\x2b\xb5\xe4\x76\x23\x85\x6f\x71\x76\xc4"
	"\x59\xe0\xaa\x2c\xdd\x6a\x8b\x07\xb2\xab\xd9\xe8\x65\x05\x64\x57"
	"\x3b\x45\xbc\x0c\x68\x20\xae\x2a\x57\x32\xbf\xae\x09\x24\x8d\x3c"
	"\xcf\xf5\x75\x10\x69\x51\x3b\xce\xc2\xd1\xd3\x03\xdc\x38\x5d\xe7"
	"\x37\x15\xae\xec\xd7\x8e\x25\x4c\x62\x35\xf6\xed\xdb\x57\xc1\xac"
	"\x89\x91\xa7\xfb\x3c\xd1\xc1\x8c\xbe\x50\xf4\xcd\x43\xe5\x18\x0c"
	"\xdf\xef\x27\x6c\x05\x6f\x02\x72\xce\xc4\xc0\xe0\xac\x6a\x0a\x16"
	"\x44\x3f\x31\xae\xb3\x70\xf0\xfd\xa6\xcc\xa4\x0d\x30\x44\xa5\xf0"
	"\x7a\xf0\xb2\xc9\xec\xd1\xe2\x31\xba\xf7\x32\xaa\x49\xeb\x9d\x56"
	"\x9f\x60\xa2\x18\x26\x15\xe3\xa4\xe6\xc8\x9d\x97\xe1\x88\x10\x8e"
	"\x92\x60\xc5\x19\xa6\x85\x3d\x1f\xdc\xa7\xb4\x70\xdc\x9a\x35\x1f"
	"\xb5\xf9\x36\xe2\x7c\xf8\x4d\x14\xfe\xec\x3f\x69\xea\xa6\x4f\x58"
	"\xb1\xd3\x38\xdd\x87\x89\x33\x28\x5f\xd1\x1d\x32\xce\x67\x4c\x33"
	"\x7e\xd3\xf9\xe9\x35\x95\x48\xd0\xff\xb0\x76\x65\xcd\x8d\xe3\x48"
	"\xfa\xaf\x28\xe6\xa9\x3b\x62\x6b\x86\xb7\xa8\x87\x7d\x80\x48\x48"
	"\x62\x8b\xa0\x68\x82\x92\xe5\x7a\x61\xb8\x5d\xea\x2a\x45\xdb\x96"
	"\xd7\x96\x67\xba\xe6\xd7\x2f\x12\x20\x25\x1e\x48\x50\x1b\xb3\xd1"
	"\x11\xed\x12\xf2\x23\xce\x04\x90\x00\xf2\x00\xcf\x9b\x9c\x96\xe3"
	"\xd8\xbb\x48\x72\xc7\x38\xf0\x56\x18\x13\xb3\xb3\x9a\x93\x1b\xaa"
	"\xc9\xe6\x09\xbb\x0d\x49\x29\x1b\xeb\xb4\x1e\x3b\xeb\xf3\x59\x54"
	"\x29\xd8\x57\x8f\xe5\x35\x9c\x00\x2d\xd2\x80\xc5\x5b\xb4\xdc\x40"
	"\x1b\xf0\x76\x9b\xa6\x9f\x10\x17\xc4\x96\xee\x68\x56\x1a\x9a\xb5"
	"\x25\x91\x3d\xde\x8d\x0a\x67\x72\xe2\x32\x84\x3b\xe3\x9d\x35\x5c"
	"\x1b\x5a\xc4\xde\x33\x49\xbf\x80\x5d\x74\x4b\x3d\x34\xf7\x7a\x7a"
	"\xe0\x70\xb5\x68\x11\x87\xcb\x46\x9b\x38\x58\x3f\x5a\xc4\xc1\x42"
	"\xd2\xa2\xd5\x2b\x0a\x56\xf5\x24\x8f\xf4\x72\xed\xe9\x5f\xd2\x11"
	"\xce\x33\xc8\xb3\x3f\xa5\x1b\xda\xf2\xe7\xdb\xe1\x8b\xd6\x9a\x46"
	"\x49\xe9\xdb\x88\x27\x37\xe4\xd5\x93\x8d\x7b\xad\xca\xe3\x2a\xdf"
	"\xa4\x49\xd4\x92\xec\x64\x7c\x1a\x45\xd3\x88\x76\xe2\x00\x59\xa1"
	"\x2f\xe5\x8d\xec\x57\xa1\xd2\xf2\xbd\x2e\xa2\x03\x63\x2d\x4e\x17"
	"\x3f\xe0\x05\x08\x46\x79\xb3\x80\x7d\xb7\x35\x82\xf9\x7d\xc1\xe9"
	"\x9d\x90\x5e\xdb\x1f\xd4\x89\x03\x77\xb4\x22\x9f\x39\xc8\xfb\x9a"
	"\xa4\xc6\x38\xf6\x6a\x05\x7b\x25\xc5\x54\x08\x7b\xe2\xcc\x24\xce"
	"\x4d\x10\x71\xac\xf3\x38\x0d\xd3\x72\x4b\xf4\x81\x2d\x44\x06\xf2"
	"\x78\xf6\xd2\x4e\x29\x20\x94\xb5\x92\x1f\x3b\x6e\xbf\x05\x89\xb2"
	"\x39\x8d\x63\x51\x0e\xef\x05\xa7\x6d\xf7\x03\x11\xe7\xe9\x0d\x3c"
	"\x67\xc6\x42\x5c\x4e\xca\x6e\x53\xa2\x74\xbd\x24\x25\xed\x67\x2c"
	"\x3a\x02\x5c\x68\x52\x69\xed\x2b\xdf\xcb\xf5\x07\x13\xc8\xa1\x78"
	"\xc8\xcb\xcd\xd0\xe9\xb3\xf4\x29\xad\xdc\x4a\xdf\xf0\xf6\x04\x39"
	"\x19\x3c\xaf\x0b\x2a\x29\x98\xf8\x93\x20\xad\xe4\xf1\xaa\x13\x1d"
	"\xa0\x49\xaa\x44\x6f\x8b\x65\x92\x72\xbe\xe9\x1a\xe7\x5e\x11\xb9"
	"\x39\x53\x21\xb9\x96\x0b\xa6\xff\x74\x23\xd6\xd9\x82\x70\xe4\xba"
	"\xa4\x8b\x2b\x67\xf6\x08\x0a\x14\x7e\x32\xc4\x3c\xf5\x8a\x5a\xc0"
	"\x5f\xd7\x32\x56\xb9\x77\x63\x28\xf9\x2a\x59\x80\xab\x43\x3c\x73"
	"\x2c\x78\x20\x0c\xf1\x7c\x8a\x85\x94\x14\xd4\x9d\x0c\xeb\xc2\x10"
	"\x0f\x63\xf2\x7b\xb2\x4b\xc4\x19\xa8\x5c\x6d\xb3\x98\x16\x7b\x14"
	"\x17\xdf\xe3\x85\x6c\xe7\xae\x85\xd7\x61\xcb\x57\x91\x81\x18\xaf"
	"\x92\x40\x9c\x19\xb1\x4e\x8b\xee\xaa\x55\xf7\xb5\x50\xf6\x58\xed"
	"\xea\x0d\x0d\x73\x2b\x30\x0c\xb1\x4c\xbf\x0e\xc5\x9e\x66\x9b\xcc"
	"\x58\x6e\x3d\x83\x7a\xf3\xb2\x4d\x82\x3b\x8d\x7e\xed\xe0\x9a\x43"
	"\xe4\x1c\xb1\xf8\xae\xc2\x82\xdc\x33\xca\x78\x99\xe8\x6f\x2b\xe8"
	"\xbd\x7c\x79\x6e\x79\x71\x80\x77\x68\xe9\x00\xa4\xe3\xcb\xe1\x92"
	"\x5a\x0d\x94\xaf\xba\xa0\x79\x01\x17\x66\x19\x5c\x52\xae\xee\xe1"
	"\x46\x29\x5b\xd2\xa1\xd6\x2b\x28\x8e\x69\x76\x23\x95\x43\xc4\x02"
	"\x17\x51\x5f\xbf\x02\x7c\x03\x40\x06\x03\xb5\x8c\x74\xcc\x1c\x52"
	"\xd2\xf3\x88\xcc\x7c\xd7\x00\x40\x3d\x77\xa8\xec\x21\x74\xae\x67"
	"\xa6\xfb\x8e\x89\xee\xfb\x8e\x3d\x42\x77\xcd\xf4\xc0\x98\x7f\x88"
	"\x85\x2c\x6e\xe8\x98\x1d\xd7\xb5\x7b\x10\xef\x26\x17\x40\xe0\x8e"
	"\x00\x66\x7e\xa0\xdb\xc0\x25\x5d\xca\x0d\x92\xd1\xaa\x9d\xd3\xe3"
	"\x4d\x49\x5b\x91\xbc\xec\x69\xa7\x49\x62\x2c\xa4\x50\xc7\xe3\x16"
	"\xa2\xe8\xae\x0a\x47\x1c\xd4\x48\xe2\x25\xcc\x99\x81\xfd\x62\x27"
	"\xb4\x4c\xdd\x5b\xba\xfe\xcc\x30\x3c\x65\x44\x20\x2c\x9e\x01\x90"
	"\x46\xfe\x0c\xb3\x6f\xb9\x30\xb8\xff\x17\x4e\x4f\xb8\x6b\x2f\x52"
	"\xd7\x9e\xed\x47\x31\x8e\xa9\x1c\x15\xcc\x28\x5d\x1b\xe6\xaf\x7c"
	"\x68\xfe\xfd\xf9\xf8\xfa\xe7\x2f\xf6\xaf\x52\x66\x2c\x96\xf3\x49"
	"\xad\x18\xfa\xf9\x0a\x6e\xb3\x35\xba\xe5\x93\x5f\xae\xda\x65\xbf"
	"\x0e\x57\x00\xb8\xa7\x66\x28\x73\x80\x4f\xcd\x22\xa9\x7a\x3e\x81"
	"\x24\x4d\x05\xbd\xc6\x1b\x04\x01\x63\x8d\x4c\xd7\xbc\x37\x40\x08"
	"\xbd\xe6\x0d\x0f\x1a\x53\xbe\x1f\xbf\x7f\xef\x5c\x0f\xb7\x15\x76"
	"\xfa\xeb\x67\xa3\xc7\x33\xf0\xb9\xd2\xa1\x6e\xc4\x2a\x89\x3d\x17"
	"\x77\x80\x2b\x2a\x04\xc5\x39\x25\x37\x40\xb5\xce\x0d\xf5\xd0\x08"
	"\x09\x16\xd3\x01\x99\x57\xba\x06\xd5\xa8\x5b\x75\xbb\x5e\x76\xde"
	"\xf1\xed\x0c\x9e\xf9\x3f\x26\x67\xd5\x83\x57\xb6\xc8\x0e\xe7\x3f"
	"\x8e\xcf\x67\xf0\xa6\x2e\x3d\x87\x4f\x7e\x81\x8e\x3e\x3f\xbe\x7f"
	"\x3f\x9c\x87\x3c\x71\xe9\x52\x21\xc6\xf2\x04\x73\x41\xd7\x6d\x20"
	"\x1e\xeb\xaa\x83\xcb\x49\x86\x5c\xa2\x29\x91\x31\x99\x8b\xb3\x03"
	"\xe2\xfa\x2f\x11\xff\xcf\x84\x78\x90\xe9\xee\xd8\xa8\x58\x8e\x74"
	"\xb1\xf2\x68\xcf\x8b\x6e\x13\x18\xb0\x8c\xe0\x4a\xae\x15\x3a\xb1"
	"\x8c\x2e\x5b\x71\x2b\x69\x15\x09\x99\xe4\x41\x9f\xd8\x78\xed\xfa"
	"\xdb\xfb\xf9\xc9\xfa\x5b\x1b\x20\x88\xe5\x66\x15\x75\xbf\xaa\x13"
	"\x7b\x5f\x5d\x43\x15\x96\x11\x1e\xd7\x59\xd0\xb2\x9d\x90\x2d\x9a"
	"\x69\x22\x12\x26\xc7\xc6\x35\x71\x6b\xa2\x00\x10\x2e\xe8\xa1\xb0"
	"\x45\xaf\xd6\x32\x1d\x1c\xff\x68\x92\x7b\x5e\x8e\xda\xe9\xd5\x36"
	"\xa1\x55\xdf\xdf\x51\xb7\xd6\xc5\x6e\xf0\xf0\x77\x51\x8b\x84\x9a"
	"\x6a\xa4\x8f\xe6\x3b\x32\x9f\xfb\x5f\x29\xa2\xaf\x7a\x05\xed\x43"
	"\xc4\x47\x5f\x03\x89\x39\xea\x6d\xaf\x0d\x41\x4c\xbb\x5a\x90\x00"
	"\x0b\x80\x5c\x43\x56\x0f\x2c\xf4\x03\x73\x7d\xc5\x09\x2e\x98\x61"
	"\x81\x7a\x6b\x4c\xc1\xfd\xc8\x1d\x29\x2b\xe1\xa9\xed\x58\xe1\x0d"
	"\x18\xc7\x9c\xd1\x5e\x40\x7c\x23\x22\x8f\x16\xa8\x4d\x65\x07\x63"
	"\x05\x37\x80\x6e\xc1\x84\x23\x7d\xe8\xd9\x65\x68\xee\xc2\xf9\x9d"
	"\xeb\xac\x8d\x08\x2e\x64\xd3\x19\xf2\x18\xda\x60\x16\x0c\xf5\x8e"
	"\x70\x19\x2b\xc1\x7e\xf6\x28\xc4\x47\x8c\xe1\xdb\xb9\x38\xe6\x51"
	"\xa0\xcc\xb5\x1c\x33\x17\x17\x10\x92\xd9\x1d\xfa\x94\x11\x67\xc9"
	"\x91\xa9\x06\x3d\x3a\x1b\xef\xf4\x99\x37\x3e\xd1\x9c\x71\x88\x3f"
	"\x0a\xf1\xdc\x71\xc8\xf8\x8c\x9e\x59\xe3\x53\x11\x31\xc8\xbf\x74"
	"\xe9\x0c\xf3\x59\x73\x1d\x3a\x6f\x7c\x74\x03\xdb\xbe\x61\xca\x7b"
	"\xe1\x0d\x4b\x87\x33\x36\x7d\x1c\x7b\x64\xae\xb2\x28\x9f\xce\x7c"
	"\x64\x2b\xd1\xb8\x00\x02\xfe\x81\xdb\xcb\x1b\x96\xec\x98\xbb\x8e"
	"\x7b\x4b\x0d\xc7\x18\x59\xf0\xd1\xac\x7b\x33\xdd\x55\xe3\x1a\xad"
	"\x87\xed\x84\xc1\x18\x83\x60\x8e\xdc\xdb\x10\x7f\x94\x13\x83\xd0"
	"\xaf\x16\x84\x25\xe9\xc3\x18\x72\xea\x8d\x4d\x0e\xc7\xb3\xcc\x53"
	"\x0c\x73\x03\x7d\x59\xd5\xca\xb5\x3d\x2d\xc9\x08\x23\x79\x61\x39"
	"\xd2\x3b\x00\x71\xfd\x51\x88\x3f\x33\x43\x38\x0b\x9c\x91\x46\xcf"
	"\xef\xbc\x70\x84\xa9\x8b\xdc\x8f\x46\x66\x21\x30\x8c\x79\x86\x7d"
	"\x7d\xc8\xee\x58\x3e\xe0\xa8\xd3\xeb\x17\x10\xc0\x47\xf8\x29\x4f"
	"\xad\x91\x7d\x00\x10\xe6\x2a\x2e\x4a\xf1\xaf\xb1\xbd\x22\x67\x61"
	"\xcf\x51\x77\x0f\x00\xa7\xa3\xbe\x38\x26\x07\x3e\xdb\x71\x73\x27"
	"\x4e\x7b\xfa\x2c\x17\xb3\x67\x15\x41\x6e\xac\x0b\x5a\x26\x38\x70"
	"\x9c\xd2\xe9\x82\x30\x72\xb5\x12\xb9\x46\x0d\xb8\xa4\x0e\x45\x58"
	"\x15\x4e\x83\x91\x61\xb8\x00\x91\x58\xd1\x6c\xd9\x09\x00\x00\x69"
	"\xb5\xa3\x68\x79\xa1\x95\xd1\x94\x77\xa9\x9b\x4e\xf4\x56\x50\x8c"
	"\x2e\x88\x60\x42\x88\x44\xaa\x3f\x57\x30\xb8\x50\x4c\x2d\x24\xbc"
	"\x93\x74\x1a\x87\x7d\x0b\xef\x55\x29\x68\xf0\x11\x24\x88\x14\x13"
	"\xb2\x95\xe8\xac\x9d\x9e\xb7\xf3\xd4\x75\xad\x0a\xcb\xbc\x76\xb9"
	"\xcb\x51\x80\x52\x5f\x18\x23\x2b\x9e\x37\x97\x32\x27\xcc\x0c\x58"
	"\x41\x1b\x2b\xb6\x64\xe5\x08\x46\xc3\x12\x92\xb8\x84\x30\x65\x32"
	"\x16\x6c\xf7\xa3\x3a\xdd\xf0\xd0\x20\x61\x32\x40\x36\x56\xc3\xf8"
	"\x1e\xb2\x88\x4c\x34\xad\x57\x4d\xc8\x2f\x7a\x3e\x1e\x5e\xcf\x1d"
	"\x66\x27\x10\xa4\xb7\x2a\xf1\x8e\x15\xe9\xda\xe3\x8c\x48\x9f\x6f"
	"\x17\x43\x23\x28\x99\x1f\x28\x2f\x75\x18\x73\xbb\xd7\xa8\x6c\x36"
	"\xef\x69\x5d\x8f\x9c\x5b\xf0\xcd\x83\xf8\xdd\x01\x5a\x0e\x73\x13"
	"\xc2\xd4\x17\x77\x28\x26\x86\x18\xad\x23\x18\x82\x78\xff\x01\x1a"
	"\xa7\x45\xb4\x41\xce\x61\xb2\x0e\x62\x84\x6a\x3f\x06\x28\x26\xa3"
	"\xe5\x1e\xcf\xa0\xd8\x22\x26\xf2\x40\x65\x8b\xc0\xf1\xf4\x3d\xa5"
	"\x14\xdc\x56\xa4\xa0\xb1\x3a\x01\x5f\x3d\x29\x2f\x90\x0b\x13\x58"
	"\x41\xd0\x10\xb3\xbb\xe3\xfb\x19\x02\x85\x0e\x97\x41\xf8\x4c\x35"
	"\x15\xcd\x15\xaa\xc3\x12\xcd\xdb\x1b\x78\x74\xfc\x38\xfd\x71\x9e"
	"\xac\x7e\xbe\x1d\xde\xbf\xec\x26\xdf\x3f\x0f\x1f\x67\x9d\x45\xe0"
	"\xea\x21\xa7\x70\x62\xe6\x51\x8e\x05\x2b\xd8\x89\xd1\x50\xcb\x29"
	"\x1e\xd3\x44\x13\x2d\x2c\x29\x10\x4b\x87\xbc\x48\x38\x73\xe0\x9d"
	"\x57\x1f\x4e\x76\x03\xfe\x0d\x90\x9d\x25\x0d\xed\x99\xb3\xc5\x88"
	"\x58\x6c\x10\xf8\x6e\xea\xb8\x73\x64\xbf\x0a\xa7\x36\x96\x67\x68"
	"\x87\x21\xc5\xca\xe3\x7e\xef\x3c\xac\xee\x19\xc4\x80\x7c\x9c\x6b"
	"\x43\x88\xcb\xb0\xaa\x00\x7a\x4f\x4f\x87\xe7\xc3\xfb\xe9\xe5\xd0"
	"\x0f\xb2\x4b\xc4\xf4\xb4\x03\x07\x91\x39\x1a\xaa\x6b\xa4\xce\x4c"
	"\xd4\xae\xd3\x16\x55\x9b\xd7\xc7\xe7\xd3\x77\x19\x6c\xb2\x8e\x62"
	"\xf9\x74\x7a\x15\xd5\x1d\xd6\x6d\x1a\x20\x9e\xe7\x05\x69\x8a\x9c"
	"\x8b\x05\x29\xb4\xd1\xaf\x6c\x44\xdb\x4f\x90\x7a\x5a\x78\xed\xaa"
	"\x36\xf5\xfc\xfd\xf8\xe5\xdb\xf1\xfd\xf0\x74\x96\x41\x6d\x91\x4a"
	"\x97\xd3\x9e\x6b\xbe\x3a\xd6\xee\xdb\xe3\x93\xc8\xe4\xf5\xe9\x70"
	"\x53\xcb\x6d\x1f\x6d\x9e\xed\xa3\x6d\x98\x7a\xc3\x92\x63\x59\xe3"
	"\x4b\xc4\x50\xfe\xf3\xf5\xfc\xe3\xf0\x71\xec\x15\x38\x0b\x5d\x2c"
	"\x57\x41\xf2\x34\xb9\xaa\xec\xbe\xff\x14\x33\xfe\xe9\xf4\x76\x68"
	"\x82\x29\x0f\xb9\xcb\x0a\x86\x1d\x9b\x1d\xce\xff\x3a\xbd\xff\x29"
	"\x3b\xf8\xe7\xbf\x0f\xef\xff\x35\x49\x5e\xde\x0e\xdf\x64\xf7\x44"
	"\x48\x9f\xf8\x33\x77\x78\xe4\x4f\x8f\xdf\x7f\x9c\x75\x65\x97\x3c"
	"\x75\xfe\x9a\xfe\x35\x1c\x52\x31\x7a\xff\x3c\x4c\x0e\xaf\x87\xf7"
	"\xef\x3f\x27\x72\x46\xc0\x8c\x49\xa2\x6e\x61\x74\x8a\x79\x88\x52"
	"\x34\xcf\x40\x0b\x0d\xb4\x19\x4a\x0b\xfd\x61\x2f\x17\x87\x8f\xd3"
	"\x33\xbc\x79\xdc\xc0\x32\x0e\x9f\x61\x2c\xe3\x88\x43\xa2\x65\x22"
	"\xda\xc3\x11\x6a\xde\x1f\x26\x5f\x26\x2a\xd6\xef\xf3\xe9\xf5\xd0"
	"\x8b\x2a\xc4\x19\xe6\x69\x4b\x10\xf7\xcb\xa1\x30\xc2\xdf\x0e\x8f"
	"\x7f\x7e\xbe\x41\x1b\x44\xc3\x04\xcf\xbc\x1d\x0e\x4f\x3f\x3a\xce"
	"\x76\xd5\x82\x5e\x0d\x7c\xcd\xd4\xf3\xf1\xdb\xfb\xe9\xf8\xed\x2a"
	"\x75\x10\xbe\xea\x6d\x87\xe2\x48\x5f\x80\xd6\xc9\xae\xe7\x3a\xba"
	"\x47\x4e\x37\xf7\xf0\x4c\xbd\x29\x1e\xaa\x75\x92\xa6\x6d\xcd\x53"
	"\x14\x22\x63\x7f\xc7\xb4\xa4\x51\x59\x6d\x84\xbc\x46\xe2\xdf\xaa"
	"\x1d\x49\xb7\xb4\x25\x9c\x27\xd2\x26\xfd\xba\x19\x6d\x32\x79\xe5"
	"\x2d\xc4\x92\x15\x25\x7a\xaf\x2c\x80\x89\x48\xb1\xa3\x9b\x6d\x39"
	"\x82\x5a\x6d\xb3\xf5\x08\x44\x88\x99\x46\xc0\x62\x53\x44\x54\x4a"
	"\xa3\x20\xb1\xa1\x30\xa9\x49\x24\x6d\x24\xab\x4c\xc8\x45\x60\xeb"
	"\x2c\x8e\x00\x88\x89\x55\x33\x68\xf3\x0d\xe6\x9d\x4a\x1c\x50\x2a"
	"\x71\x38\x99\x3a\x1e\xf2\xf8\x97\x21\x0a\x9e\xf1\x12\xa9\xe4\x92"
	"\x57\xe0\x02\x1a\x02\x9f\x61\xdb\x39\x83\xfe\x48\xd7\xd5\x3e\xcd"
	"\x20\x94\xc3\xfa\xfe\x2b\x52\x3b\x08\x33\xb4\xd0\x67\x73\x9f\xa4"
	"\x91\x6d\x59\xd6\x40\xd3\x49\x83\xc0\x34\x59\x30\x33\xbf\x35\x9f"
	"\x62\xa7\xe4\x65\x41\x1f\x30\x3d\xb4\x5a\x37\x03\x5e\x25\xa2\x48"
	"\x0c\xd0\xff\x97\x4e\x5e\x19\xe5\xfa\x77\xea\x3c\xf1\x10\xcf\xc8"
	"\xcb\x4d\x1a\x2f\x12\x44\x3b\x23\x5a\x15\x42\xa4\xba\x98\x6a\x0f"
	"\x65\xd0\xbb\xcf\xc7\xe7\xa7\xd3\xcb\xcb\xe4\x2c\x16\x81\xd7\x93"
	"\xd8\x69\x8f\x87\x8f\xc9\xf1\xf5\xe9\xef\x13\xd0\x46\xff\x80\x57"
	"\xdc\x3f\x8e\x4f\xb5\x59\xe7\xd0\x5e\x06\x44\x62\xba\x2f\x9b\xa8"
	"\xc3\x2d\x2d\x40\x79\xe8\x12\xc7\x80\x8a\xd3\x9e\x6e\x60\x21\x4e"
	"\xe8\xed\xc8\x17\xdd\x58\x6f\x70\x10\x6d\xe2\x49\x88\xe3\xa2\xfe"
	"\xa8\xd7\x06\x65\x71\x0e\xc0\xce\x5b\x5b\x0e\xb2\x33\x45\x14\x3c"
	"\x7b\xe0\x1d\x2d\x57\x55\x92\xeb\x8a\x59\x76\xe3\x5d\x8b\x9f\xd7"
	"\x40\xbd\x20\xd2\xc3\x2c\xd5\x69\xb4\x8a\xdc\x3a\xe6\xa6\xbd\xdc"
	"\xdb\xe9\xe8\x53\x1b\xd0\xee\xe3\xa4\xda\x66\xc9\x22\xa1\x4d\x5c"
	"\x8d\xce\xa7\xb4\xd4\x39\x44\x52\x2a\xd3\xfd\x2a\x80\x12\xb7\xbe"
	"\x91\x52\x13\x1b\x68\xbd\xec\xdd\x8a\xad\x12\x78\xa7\xdb\x3f\x60"
	"\x95\x6f\x20\x09\x03\x6d\xc1\x4c\x9c\x22\x74\x0f\xed\xc0\x23\xb6"
	"\x4d\xe2\x76\x8c\x28\x4e\x29\x33\xd8\xf4\xca\xbc\x45\x57\xc7\x5b"
	"\x96\xe3\x87\x75\x69\xae\x00\x8d\xdd\x96\x89\x2e\x0a\x8a\x58\x6f"
	"\x60\x86\xa6\x9b\xcd\x7a\xdb\xd2\xa4\x5e\x91\x1d\x95\x8b\x52\x5e"
	"\xd0\x9c\x14\x2d\xf6\xbc\x2e\x58\x17\x8f\xf4\x2a\x3a\x41\xf4\x7c"
	"\x7a\xfa\x53\x45\xfb\x03\x99\xa9\x3d\x71\x5b\x8b\x1c\xb0\x04\x81"
	"\x78\x81\xfa\xb9\x28\x10\x2b\x1e\xaf\xc7\x96\x4a\x9e\xf8\xae\x6f"
	"\xdf\x80\xb2\xbd\x1b\x40\x88\x03\xcd\x16\x28\x8a\x23\x3a\x45\x84"
	"\xfc\x1e\x6c\x86\x3c\x1b\xb5\x61\x1c\xc2\x68\x54\x48\x54\x09\x40"
	"\xdc\x6d\x8a\x44\x17\x49\xa5\xbd\x5b\xc0\x01\xbf\xcd\x8e\x2d\x5a"
	"\xb6\xcf\xc7\xea\x80\x29\xfb\xb4\x21\x7b\x32\x0a\x49\x22\x44\x1e"
	"\x6f\x0f\x79\xe4\x63\x37\x51\x2c\xe6\x5c\xac\xbc\x69\x7f\x4d\x8c"
	"\x79\xd4\x4b\x2a\x72\xd6\xd6\xe6\x6f\x65\x7f\xa7\xdc\xed\xb5\xc1"
	"\x72\x5c\x59\x0c\x1f\x75\x64\xae\xfc\xae\x5a\x46\x51\x15\x5a\x21"
	"\x22\x17\x0b\x00\x63\x26\x44\x52\x67\xe1\x59\xf6\xcc\x08\x08\xad"
	"\x60\x8f\x02\xd2\x31\x80\xca\x01\x79\x00\x87\xb5\x42\x02\x02\x44"
	"\x19\xed\x02\xc0\x1e\xd3\xae\x00\x43\x0e\xa9\x11\x10\xab\x1c\x66"
	"\x81\xed\xa3\x80\xd4\x08\x80\x40\xe8\x6c\xac\x12\xaa\x96\x86\x8e"
	"\xa8\xb3\x18\xeb\xaa\xd9\x6c\x14\x10\x8c\x95\x31\x33\x77\xa6\x71"
	"\x34\xf2\xed\x08\x42\x96\xd1\x03\x5c\x36\x72\x26\x36\x10\x70\xcb"
	"\x04\x8b\x75\xd7\x78\x16\x3e\x05\x6e\x27\x9b\xbc\xba\x43\xf6\x81"
	"\xa6\x82\x9c\x85\xd8\x71\x1d\x20\x99\xac\xe3\x08\x88\x8f\x43\x64"
	"\x5c\xb4\x71\x58\x44\x98\x16\x74\x59\x05\xc1\x50\x20\xca\xb7\xd5"
	"\xa6\xab\xac\xdd\x21\x18\xbb\x14\xe4\xad\xf1\x7a\x48\xd9\x62\x1c"
	"\xb6\xbc\xa5\x77\x64\x3e\x31\xe3\xab\x22\x59\xd3\xb1\x96\x8f\xe2"
	"\x2e\x35\x33\x23\xeb\x99\x78\x17\x71\xcf\xc2\xe7\x62\x93\x99\x01"
	"\x76\xed\x59\x53\x5e\x17\x66\x0a\x6e\xe9\xae\xe0\x36\x4e\x09\x6e"
	"\x1b\xa1\xe0\x16\x86\x32\xe7\xd5\xf0\x44\x30\xce\xe5\xb7\x94\x16"
	"\x33\x46\x96\x79\x42\x47\x0b\x1c\x05\x2e\x6f\x42\x5d\xba\x6c\x14"
	"\x59\x4f\xe7\xf1\x72\x6f\xc4\xb5\xb8\xd1\x80\x54\x88\x7d\x5e\x90"
	"\xa4\x40\x20\xd7\x8c\x8c\xb0\x2b\x37\xea\x81\xcd\xe2\xa8\x7a\xae"
	"\x2c\x92\x6c\x4d\x5b\xc6\x3b\x97\x96\xe9\x28\x4d\x2f\xea\x68\xf5"
	"\x80\x69\x49\x75\xcd\xaf\xb4\x96\xac\xcd\xab\x88\x65\x15\x38\xa6"
	"\x12\xf2\x8c\xfe\xfa\x41\x55\x95\x94\x1b\x1c\xa0\xd8\xca\x08\x69"
	"\x2a\x6f\x04\xd5\xad\x30\x62\x14\x87\x98\xb3\xa9\x5b\x6c\x00\xd5"
	"\xcb\x8f\xe7\xcc\xee\x47\xc7\x71\x54\xe4\xec\x59\x77\x37\x87\x91"
	"\x7b\x9e\x27\x59\xd7\xce\xec\x9a\xd6\x08\x80\xea\xc0\x21\x0f\x21"
	"\xfc\xf4\xf9\xae\x3b\x89\x4b\xb5\x63\xf5\x28\xdd\x49\x11\x07\xb8"
	"\x79\xeb\x88\x43\x0a\xa6\x7c\x34\xf6\x62\x60\x76\xd3\x2b\xba\x2b"
	"\xc1\xe9\x38\x61\x28\x62\xb3\x49\xab\xfb\x4d\xb1\x26\x45\x1d\x8f"
	"\xb3\xfd\x8e\x5d\x14\xa4\xdc\x0a\xb8\x65\x85\x7e\xe8\xb7\x9d\xeb"
	"\x42\x58\x72\xf1\xe3\x02\xb1\x03\xdb\x92\xff\x75\x0a\x0a\xbc\x0b"
	"\x40\x64\x30\x73\xec\x8e\xa8\xdb\xad\xc8\x2e\x2a\x6b\x9d\x5d\xbd"
	"\xdc\x5b\xd4\x61\x30\x85\xac\x11\x22\x0a\x2f\x2a\xd0\x5d\x9e\x20"
	"\x71\xf9\x9a\x92\x22\x36\x02\x60\xe5\xd6\x31\x23\x4a\xa6\x7f\x51"
	"\xa2\x97\x4a\x96\x5a\x8b\x34\x92\xa4\xf3\xcd\xbe\xdf\x0b\x6c\xb5"
	"\x45\xde\xfb\xd5\x7d\x8f\x01\xe0\x3a\x56\xc5\xe6\x48\xc8\xf4\x46"
	"\x99\x01\xa3\xd7\xd5\xc1\xbc\xec\xc8\x73\x0a\xc9\x23\xb8\x55\x88"
	"\x86\x2f\xf1\x3b\xd6\x37\x63\xbd\x06\xae\x8d\x58\xb5\x48\xe9\x1e"
	"\xaa\x8e\x15\x0e\xa6\x00\xe2\xf0\xb3\x1a\x20\xda\xfe\x46\xda\x0e"
	"\x48\x12\x31\x07\xb7\xdd\xb8\xa4\x2a\xe9\xaa\xa5\x2d\xe7\xd7\x12"
	"\x1e\x24\x8e\x4f\x13\x49\x9c\xe4\x8f\xdf\x0f\x52\x8b\x7d\xe8\xb9"
	"\x4b\x7d\x0d\x0f\xb4\xcb\x92\xcc\xdb\x46\xa3\x7d\x4a\x95\xe6\x84"
	"\x76\x2f\xa3\x35\x80\x8a\xd3\x74\xd1\xef\x4b\xfc\x13\x31\xf2\xbb"
	"\xa9\xce\xea\x7c\x80\x5c\x90\xae\xbf\x1f\x2d\xe0\xff\x58\xba\xfc"
	"\x44\x2c\x2a\x3b\x5a\x95\xe9\xdc\x50\x8b\x1d\xb9\xf6\xcb\x66\xa1"
	"\x92\xfb\x3d\xa5\x34\x35\x5a\x1c\xcd\x15\xa8\xc3\xe5\x90\x56\xed"
	"\x5c\x74\x76\x4b\xfa\x0d\x8d\x10\xd5\x95\x1a\x12\xb8\x0a\xc8\x25"
	"\x37\xc8\x49\x7a\x78\xe9\xdd\x3f\xb5\xf9\x38\x25\x5f\x1f\xc4\x4c"
	"\xc8\xf3\x8e\x89\x71\xdd\x2e\x28\x42\x9b\x08\xb6\x0c\xd1\x5a\xf3"
	"\x09\x14\xc9\x07\x93\x45\xf1\xe2\xf0\x4d\xea\xe5\x74\x3e\xbc\xbd"
	"\x9f\x9e\xb4\x4a\x54\x14\x5c\x27\x83\x82\xfd\xf0\xc3\xb7\x97\x8f"
	"\xef\xc3\xbd\x43\x4c\x27\xde\xaa\x90\xfc\x09\x5a\x4f\x45\x3f\x4d"
	"\x4d\x60\xe9\x51\x2a\x23\x65\xb2\xa3\x06\x80\xba\xa0\xc0\xa8\xbc"
	"\xf7\x66\x34\x04\xe4\x5a\xcf\x0a\x1a\x5c\x62\xcc\x67\xbe\xc4\x3c"
	"\x4c\xb6\xa0\x9c\xc5\x06\x88\xd2\xb7\x40\x96\x1a\x01\x81\xcf\x2f"
	"\xfa\xab\xa2\xd7\x7f\xe1\x3f\x3f\xce\x87\x97\xc9\xe6\x75\x12\xfd"
	"\x38\xbe\xfd\x7a\xbd\x46\x8f\x7b\x4a\x01\x2f\x70\xe1\xfe\x24\x83"
	"\x9f\xf6\xf4\x05\xe6\xef\xa7\xc7\x6f\x4f\xa7\x97\x1e\xad\xe5\xe8"
	"\x3c\xaa\xe6\x45\xc4\x04\x9f\x0e\xcd\x6f\xfe\xce\xf6\xba\x3c\x2f"
	"\x97\xfd\x5d\x5a\xe7\xd2\x4a\x6c\x44\x10\x9b\xba\xa3\x0b\x27\xe6"
	"\x7a\x51\x08\xc9\xac\x79\x8a\x4b\x13\xd6\xb6\x25\x57\xd7\x52\xf9"
	"\x96\xab\xf9\xd2\xbf\xdc\xda\x66\xd5\xdd\x96\x6e\x29\x3c\x51\x69"
	"\x38\x7c\xc9\xe7\x09\x7e\x85\x56\x56\x10\x26\xbb\x6b\x4f\xa5\x66"
	"\x5f\x1a\x45\xd8\x67\x77\x2c\x69\xc5\x2d\xef\x7e\x07\x34\x79\x43"
	"\x8e\x7d\xdc\x67\x4c\x18\x63\x92\x33\x1c\x3e\xb8\x8a\x93\xa7\x2c"
	"\xe4\x1d\x47\x5e\x3e\x39\x7d\x72\x27\xc3\xae\xbb\x96\x26\x4d\xfc"
	"\x23\xa7\x68\x3f\xa9\x71\x81\xde\x57\xb6\x93\xc3\xd3\x8d\x58\xae"
	"\x8a\x6a\x9b\x21\x0e\xcc\x64\x2e\xf7\xa4\x8c\x56\xf1\x66\xd9\x31"
	"\xbf\x94\x14\xf5\x60\x79\x0f\xb4\x79\x52\x82\x93\x52\x65\x3f\x35"
	"\xa8\xa8\x84\x24\x79\x52\xd1\x0c\x36\x0b\x53\x1f\x4b\x76\xa0\xbd"
	"\x82\x38\xcb\x9d\x7c\xd8\x7c\xcc\x31\x92\x2a\x33\xca\xc0\x39\x62"
	"\x59\xe8\x9e\x00\xe4\x83\x53\x3e\xe7\x5d\xc7\x63\xb5\x56\x93\xe0"
	"\xad\x08\xec\xfe\xf4\xc4\x6c\x53\xc2\xcb\x4b\x9f\xba\x9d\xd7\x8f"
	"\xc9\x85\x58\xb0\x49\xdb\x25\x3a\x90\xf3\x24\xed\xe1\x1f\x38\x1c"
	"\x00\xee\x64\xb4\x49\xc6\x06\xe8\x8a\xf3\xa2\x15\x97\xa7\x33\x70"
	"\x40\x66\xa2\x6d\x77\x31\xcf\x83\x9d\x36\x9a\x25\x2d\xb7\xb9\xcc"
	"\x42\xd6\x56\xca\x90\x9b\x6d\xd9\x0e\xb6\x2e\x68\x75\x1d\x3a\x90"
	"\xff\x86\x6b\x7a\xab\x83\x92\x2d\x33\xa1\xe4\x98\xc3\xe0\x0f\x0a"
	"\xec\x36\x0b\x1e\x84\x87\xb3\xfd\x42\x29\xd5\x73\x51\xb1\x46\xfc"
	"\x61\xca\x2b\x88\x4d\x41\x2b\xb0\x23\xaf\xd4\x63\x3f\x3e\xfc\x31"
	"\xbe\x0e\x08\x92\x66\x3a\x2c\x53\x12\x27\xd2\xdc\x73\x2c\xff\x2e"
	"\x9a\x16\x48\xa4\xec\x78\x2f\x9f\x40\x31\x99\x56\x59\xeb\x8b\xce"
	"\x7a\xa8\xb8\x58\x44\x11\xb3\x41\xc5\xe8\x34\xda\x8a\x76\x5f\x1c"
	"\x7e\x34\x02\x02\x70\x78\x47\x8e\x93\x2c\x8f\xbe\x1c\x4a\xaa\x0a"
	"\x0f\x7e\x3d\x88\x42\x1a\xf4\x7c\x5f\xe5\xa0\xf3\xa0\xb6\x8d\x7b"
	"\x13\x92\x25\x59\xd2\x5d\xd4\x9b\x14\xe9\x1e\x84\x42\xd4\x13\xca"
	"\x81\x4d\x3a\x9f\x81\xec\xc4\x23\x92\xf6\xf4\x02\x2f\xb4\xeb\xf6"
	"\xba\xc2\xea\x02\xb3\x05\x6c\x43\xe2\x79\xaf\x4a\x94\x14\xe9\x43"
	"\x55\x08\xda\x46\xb3\xec\x8a\x56\xc2\x6b\x20\xc7\xef\xbf\x72\x4c"
	"\x1e\xb8\x1c\x2c\x88\xd6\xfb\xe0\x1d\xa7\x14\x06\xb9\x4a\x8a\xbb"
	"\x4e\xa3\x5a\xe9\x1a\xd7\x93\x9d\xbd\x0e\x24\x92\xfe\x7b\x90\x94"
	"\x52\xf2\x75\xd9\x6f\xcb\x6f\x25\x59\xee\x42\x44\xea\x88\xc4\x92"
	"\x70\xdd\x1a\xbb\x8b\x65\x94\x64\xbb\xcd\x9a\x76\xe7\xa4\x74\xf9"
	"\xd4\x3f\xf4\xcb\xbd\x6d\xa7\x49\x1c\x6e\x68\x42\xca\x31\x38\x7a"
	"\x92\x67\xae\x79\x69\x63\x31\x40\x09\x8c\x8b\x9c\xd3\x14\xd5\xdc"
	"\x5e\x70\xe2\x79\x21\x84\x3a\x1f\x2c\x84\xa0\xf5\xa2\x16\x14\x5d"
	"\x77\xd0\x5a\x2b\x57\x2e\xb2\xf5\xea\xdd\xcf\x61\x85\x78\x23\x97"
	"\x3d\xb0\x4c\x0d\xca\xe6\x4b\x9e\x56\x65\x04\xeb\x63\xb2\xcc\x48"
	"\x8a\x8c\x07\x78\x1c\x12\x07\x6e\xf0\x5e\xdb\x1b\x8f\xbb\x15\xa5"
	"\xf5\x76\x28\xab\x9a\x83\xa3\xeb\xa8\x4c\xda\x81\x33\xae\x7b\x5f"
	"\xc5\x53\x4a\x73\xdd\xd6\x28\x47\xbc\x18\xbc\x06\xee\x05\xeb\x51"
	"\xb2\x1e\xcc\x32\x78\x34\x89\xe3\x42\x14\xc9\xb9\xd4\x0c\xc2\x9b"
	"\x58\x43\xe5\x08\xc9\x39\xc7\x0d\x58\xa8\x85\xc0\x80\x59\xc4\x0e"
	"\x0b\xd0\x22\x57\x7a\xa9\xe9\x8f\xb8\x4c\x96\x00\x54\x2e\x57\xd4"
	"\x82\xe3\x23\xd6\xec\x9b\xf3\x25\xba\x92\xca\x68\xc8\x8b\x96\x67"
	"\x15\x98\xdd\xb5\xda\x4e\x3f\x6e\x49\x8b\x54\x7e\xed\x1c\x26\xc4"
	"\xb8\x89\xbd\xaa\x71\xec\xb4\xc3\x9c\xad\xd4\x22\x08\xa6\xcd\xc0"
	"\xb7\xd9\x5e\x70\x66\x81\xf8\xa6\x93\xb1\x0c\x75\x2b\x4e\x0e\xb2"
	"\xdb\x6e\x51\xd0\xbb\xe6\x74\x51\xff\x9c\x2c\x4f\x42\x76\x7f\x3d"
	"\xb5\xc5\xf7\x9a\x54\x2d\x37\xbb\x26\xaa\xe1\x26\x8b\x29\x8c\x67"
	"\xcb\x6e\xa5\x05\xd2\xb2\x6c\x07\x00\x1e\xab\x39\xd9\x21\x64\x70"
	"\xab\xc0\x73\x82\x7e\x4d\x38\x4f\xb0\x6f\xc5\x69\xa1\x6e\x56\x67"
	"\x67\x48\xc0\x8b\xd6\x7d\x67\x6c\xe4\x35\x17\x65\x29\x81\x38\x0f"
	"\xbd\x29\x13\x41\xa0\x89\xfb\x41\x72\xc5\x3c\xd6\x4f\x6f\x17\xae"
	"\xca\xba\x1f\x85\x44\x24\x5a\xd1\x0b\xaa\x75\xc7\xdf\xea\xe8\x3c"
	"\x66\xa0\x47\xaf\x33\x50\x6a\xc1\x54\x03\xfa\x83\x18\xf7\x4f\x60"
	"\x83\x1a\x90\x58\x70\x60\xcd\x94\x18\x66\x99\x6f\x45\x5b\xb4\x2d"
	"\xa9\xd9\xa0\xe3\xa7\x4e\x09\x46\x35\x40\xfc\x9d\xdf\xeb\xda\x06"
	"\xed\x42\x1e\x38\x5a\x83\x28\xd6\x82\x54\x7f\x2d\x73\xe5\x5c\xb5"
	"\xf1\xe8\xfc\x24\xec\xcb\x48\x56\x5a\xf6\x09\xfd\xeb\xfc\x74\x7a"
	"\x6d\x22\x76\x68\x9c\x84\x29\xb8\xe8\x91\xa8\xfa\x8d\x44\x7a\x25"
	"\x9a\x1a\x83\xba\xaf\xa8\xe9\x10\x13\xc5\x45\x42\x3b\xd4\x90\xda"
	"\x24\x4a\xec\x27\x2c\xe1\x91\x09\x59\x94\xe1\x6c\xea\x12\x13\x84"
	"\x33\xdf\xb7\x1c\xb4\x0b\x2e\x4e\xa2\x3b\x7b\x96\x3c\xd1\xe9\x84"
	"\xbb\x2e\x4e\xfc\xac\xc5\x45\xfd\xc5\x97\x0c\xb6\xad\xbc\x07\xa2"
	"\x80\xda\x25\x06\x4a\xe7\xf7\xa6\xb5\xaf\x46\x68\x32\x19\xb5\x7b"
	"\xd8\xa7\xae\xe7\xa3\x91\x79\x1b\x3a\xa6\xd3\x39\x67\xc4\x46\x0c"
	"\x10\x04\xc9\x71\x30\x52\x64\xfb\x96\x7c\x30\xd0\xef\xfa\x31\xc1"
	"\x7c\x01\xc7\xc4\x45\x6c\x78\x63\x71\x9a\x89\x11\x15\x2a\x45\x9b"
	"\xe1\x34\x44\xfd\x54\xf6\xab\x7a\xd9\x48\x2b\x97\xec\x11\x6f\xa9"
	"\xeb\x3d\x8f\x67\x08\x25\xfa\x6d\x6d\x5b\xb6\x7e\x86\xb2\xc8\x75"
	"\x5c\xcc\xa9\x1a\x99\x7a\x3e\x3e\x30\x0d\x1d\x77\x1b\x47\xa6\xa8"
	"\xee\x02\x23\xa1\x87\x18\x4f\x08\xda\xcc\xf7\x6d\x03\x0d\x69\xca"
	"\x3e\xf2\x2c\xec\x49\x7f\x1f\x05\x0e\x32\xd7\xc5\x01\xc5\x45\x83"
	"\xd6\x97\xeb\xd0\xb5\x1d\x94\x36\x27\xfe\x7f\x64\x55\xe3\x04\xa8"
	"\x7d\x8c\x33\xb3\x71\x12\x66\xd7\x30\xf5\xa6\xb8\x99\x0e\x5e\xd6"
	"\x14\x2f\x6b\x3a\x73\x51\xe3\x9e\x70\x8a\x91\x66\x0e\xfa\xd5\x0c"
	"\x71\x4c\x15\x49\xd5\x6d\x1b\x96\x76\xfd\x2a\x9a\xed\x68\xba\xc9"
	"\x69\x7d\x52\xdf\x60\x41\x07\x43\x0f\xb1\x21\x5f\xed\xb1\xd8\xe9"
	"\x49\x46\x9c\xfd\x1e\x2d\x39\x2d\x23\xc7\x9b\xda\x38\x0d\xf3\x38"
	"\x06\x34\xc4\xe9\xba\xd8\x7c\x6c\xcc\xb5\x06\xd0\x6c\x1b\x73\x75"
	"\x28\x89\x21\x4a\x73\x11\x5f\x27\x82\x36\x0b\x90\xf6\xb3\x28\x77"
	"\x1d\xc4\xa1\x0d\xd0\x3c\xc4\x9d\x4b\x46\xb6\xd3\x50\xbb\xa5\xc9"
	"\x8d\x73\x07\xbb\xf4\x45\xc8\xee\xdb\x19\x8b\x4d\x35\xc1\x7a\xfc"
	"\x0a\xd9\xf5\x20\x03\x80\xa0\xfb\x83\xdc\x4b\x63\xc6\x45\x81\x91"
	"\x4b\x99\x9f\x15\xda\x66\x32\xa2\x0f\xda\x90\x3d\x6e\x21\x2e\xfc"
	"\x14\xc2\x76\x6c\x37\x34\xd1\xad\x90\xdb\x96\x63\xcc\x21\xe4\x96"
	"\x6f\x44\x04\x36\x0f\x90\x40\x36\x12\x21\x4a\x40\xb4\x16\x15\x79"
	"\x3a\x43\x34\x83\x14\x39\x0c\x42\xb4\x09\x65\x1a\x79\xbe\xa7\xef"
	"\x81\xdd\x22\xb0\xad\xfe\x4c\xab\x1f\x41\xde\x9e\x8f\x7f\x1c\x07"
	"\x6b\x64\xe8\x06\x1a\x1b\xbe\x1f\x87\x17\x19\xbf\x83\x6b\x4c\xdd"
	"\xca\x94\xf0\x0a\xe2\xae\x4b\xcf\x01\xc8\x62\xc3\x43\x6c\x31\x20"
	"\x77\xe8\x09\x6e\xf7\x35\xec\xae\x5e\xca\x9f\xc1\xf1\x5b\xe3\xcf"
	"\x00\x2c\x3f\x95\xae\x78\xf3\xd8\xc2\x79\xde\x10\x2f\x84\xee\xe6"
	"\x2e\x4e\xd2\xaa\xa6\xbd\x10\x91\xb5\xe2\xf9\xe7\xeb\xb9\xf5\x76"
	"\xd3\x18\xfb\x89\xcd\xe5\x51\x6d\x33\xd8\xde\xe2\x5b\x01\x66\x19"
	"\xe7\xbb\x81\x85\x92\x50\x63\x4e\xdf\x73\x6c\x94\xe4\x05\x38\x09"
	"\x33\xb4\xf3\xfd\x99\x53\xe0\x34\x17\xa7\x59\x68\xcb\x02\xc7\x2b"
	"\x50\x89\x04\x16\xe4\x00\x35\xae\xf4\x83\x10\x6d\xc4\x14\x91\x1d"
	"\x80\x14\xd8\x38\x09\xad\xa7\x61\xc7\x75\x51\x23\xdf\x30\x44\xac"
	"\x83\xe3\x7c\x53\x56\x31\xe2\x92\x80\x05\x8e\x8b\x34\x5a\x6c\x0a"
	"\xbe\x8d\x6e\x42\x7e\xe8\xa0\xfb\x85\x37\x45\x6c\x00\x80\x36\x43"
	"\xf6\x0b\x35\xf9\x7b\xf5\xbc\x58\x4c\x7f\xfb\x7c\x79\xf9\x59\xbf"
	"\x47\x36\xec\xbe\x78\x3f\xfc\xcf\xe7\xe1\xf5\xe9\xe7\xc5\x58\xf6"
	"\xdf\x60\x08\x19\xc7\xfc\x1f\x79\x9a\x36\x28\xa5\x11\x25\xf5\x36"
	"\x1e\xcf\xa7\xf7\x7f\xc4\xc7\x8f\xf3\xfb\xf1\xf7\x4f\x30\x0e\xee"
	"\xd9\xd6\xf6\x7c\x8a\x29\x07\x3f\x3f\x1e\x3f\x0e\x5f\x52\x91\xc7"
	"\xe1\xdb\x24\x3d\x9d\xde\x26\xbf\x88\xcc\x7f\x9d\xfc\x71\x29\xfc"
	"\xa3\x55\x78\x37\xc3\x85\x90\x36\xac\xff\xc8\x24\x17\x9d\x6f\x40"
	"\xc5\x3c\x81\x35\xd4\xc0\x64\xf0\x8d\x4e\xf2\x7d\xc1\x3d\x1f\x3b"
	"\x17\x2d\x6d\x4c\x66\xcf\xb7\xae\xe5\x5b\xe8\x79\xa0\x3e\xa9\x2c"
	"\x1f\x8a\x8d\xe1\xa0\x92\x94\x4b\xb7\x67\x01\xab\x16\xd1\xc3\xe3"
	"\xf3\xf9\x47\x6b\x3d\x6f\x52\xdf\xcf\x93\xe2\xf1\x7c\x98\xb0\xd3"
	"\xeb\xf1\xdc\xef\xc2\x05\xf5\x3c\x6c\xba\x48\x9a\x87\x31\xb7\x6b"
	"\x19\x24\x2c\x20\x0e\x1d\x41\xad\x3e\x5f\x8e\xdf\x8e\xe7\x9f\xda"
	"\xc1\x64\x8e\x8b\xec\xa7\xf1\xaa\x44\xb6\x9a\x15\xec\xf5\x88\xdc"
	"\xb5\x2a\xb9\x83\x4c\xbf\x55\xb9\x45\x28\x3c\x99\x62\x27\x20\x20"
	"\x39\xc3\x6e\x4f\xc4\x9c\x39\x83\x83\xd6\x97\xc3\xe3\xc7\xe7\xfb"
	"\xe1\xe5\xf0\x7a\x9e\x7c\x8a\x9e\xd6\xb0\xaa\x67\x99\x98\xd1\x43"
	"\x0f\xe1\x89\xe0\x28\x94\x6b\x6a\x32\xb6\x64\xaf\xd9\x3e\xc0\x84"
	"\xf6\x1d\xb0\x64\x60\x64\xc9\x16\x06\x2b\xa1\xc6\x48\xf6\x1d\xc9"
	"\x47\xb1\x38\x96\x8f\x62\xff\x94\xb3\x20\xe6\x7b\xe3\x59\x9e\x33"
	"\xd7\xb5\xd2\xd5\xea\x76\x13\x7a\x12\xff\x16\x57\x1c\xbb\x77\x20"
	"\xa9\x58\xe0\x11\xb7\x82\x24\x8f\xf9\xcc\x45\xdf\x63\x04\x11\xb3"
	"\x4d\x99\xaf\x6c\xcc\xa6\x1c\x48\xc8\x70\x47\xcc\x75\x6c\xc4\x37"
	"\x1d\xd0\x30\x5b\x2a\xd1\x25\xc8\x99\x51\x90\x02\x4c\x9d\x5f\x90"
	"\x02\xe4\xaa\x60\x99\x3b\x24\x17\x2c\x4f\x2c\x4b\xef\xc9\x46\x09"
	"\x5d\xe0\x0c\x39\x75\x66\x16\x72\xa4\xea\x82\x10\xcf\xe4\x92\x68"
	"\x23\x1b\xe2\x6f\x9c\x08\x81\x1f\x71\x36\x96\x17\x16\xea\xee\xbb"
	"\x2c\x30\x4f\xdd\x62\x85\x12\x4b\x1b\x32\xa6\x9b\xbc\x14\xc3\xad"
	"\xff\x30\x17\x55\x71\x2c\x94\xcc\x13\xdb\xf6\x7c\xec\xb2\xc3\x75"
	"\x91\x2b\xaa\x32\xe2\xae\x87\x58\x21\x4a\x1a\xe2\x56\xb4\xe9\x5b"
	"\xf0\x0f\x81\xb9\xe8\x94\xb4\x10\xa5\x79\xbe\x8b\x45\xa8\xf1\xed"
	"\xd0\xd1\x6b\x73\xed\xa2\x2c\x45\xbb\x6f\x47\x59\x1a\x58\x88\xb9"
	"\xe4\x2e\x0d\x6c\x8d\x6f\x12\xf6\xf8\xfd\xf5\x70\x56\x77\x9b\xda"
	"\xd9\xbb\x46\xad\xb7\x24\x09\x91\x2d\xd7\xd6\x6c\x86\xcc\xf8\xfa"
	"\xfa\x92\x91\x65\x66\x58\x59\xaf\x18\xf4\x8e\x8e\x2c\x5d\x1b\x0f"
	"\xec\xe0\xfa\x3d\xaf\x31\xfd\xa5\x4c\x66\x8e\x6f\xf6\xcd\x08\xaf"
	"\x58\xe4\x87\x9e\x8b\x56\xb5\x8f\xeb\x55\x57\x75\xf2\xe7\xf3\xf9"
	"\xf8\xf6\x7c\xf8\xab\x27\x83\x41\x4d\x7a\x0f\x8c\xf5\xce\xf6\xf4"
	"\x7c\x7c\x1d\x0c\x4a\x47\x3e\x7b\x3b\x9d\xc5\x7e\x77\xd4\xdc\x4a"
	"\x8b\xf3\x71\x68\xa1\x37\x29\xbe\x17\xda\x06\xda\xff\x56\x76\x65"
	"\xcd\x8d\xdb\xca\xfa\xaf\xb8\xfc\x74\x4e\xd5\x49\x62\xc9\xfb\x83"
	"\x1f\x40\x12\x92\x10\x71\x33\x01\x6a\xf1\x0b\xcb\xe3\x51\x66\x54"
	"\x89\xed\x29\xcb\x3e\x99\x9c\x5f\x7f\xbb\x01\x52\x22\x08\x34\xe4"
	"\x5b\x35\x89\x6d\xf4\x47\xec\x4b\xa3\xd1\xcb\x35\xc9\x19\x8f\xce"
	"\x69\x8e\x9a\x9a\xca\xaa\x4c\xbd\xec\xc8\xb0\x11\xbb\xf7\x47\xfb"
	"\xd4\x4e\xb3\xf2\x76\xf8\x14\x6f\x18\xde\xb7\xcd\x0e\x0f\x7b\xef"
	"\x5c\x8d\xca\xb3\xab\xb3\x6c\x4a\x4c\xa9\x92\x92\x8a\xcf\x4a\xaa"
	"\xbb\xca\x74\x34\x0a\x48\x91\x0d\x99\x9c\xa0\x65\x0a\x13\x94\xb2"
	"\xd3\xba\x24\x25\x5a\x40\x3a\xbf\x0e\xcd\x5c\x1d\x4b\xd7\xdf\xdf"
	"\x97\x14\x4b\x39\x2b\xc7\x67\x57\xfe\x66\x3c\x94\x0c\x8e\xb6\x2b"
	"\xff\x89\xfe\x82\x6e\x6d\x7c\x7d\x2d\xcf\x6f\x6d\x61\x65\x3b\x3c"
	"\xaf\x3f\xb7\xcf\xc8\x68\xa2\xaf\x88\xaf\xdb\x9d\xf1\x55\xe4\xc9"
	"\x20\x15\x09\xab\xe0\xff\x8a\x53\x2e\xff\x64\x35\x21\x78\x60\xb9"
	"\xba\xbd\xa4\xa4\xde\xf0\x91\xeb\xd5\x4a\x6d\x9e\x7f\xe0\x05\x8b"
	"\x98\x38\x30\xf5\x05\x06\x78\xe1\x55\x56\xc4\x45\x5d\x12\xe6\xef"
	"\x59\xba\xba\x3d\xbb\xa2\x4e\x8b\xac\x3c\x23\xde\x4f\x34\xe9\x9a"
	"\x38\x07\xd6\x92\x38\xd1\x34\x89\x38\x06\x72\xe5\xd7\x2c\x58\xe0"
	"\x53\x7f\xed\x53\x31\x29\x97\x59\x3f\x5e\x54\xb6\xf7\x6a\x7e\x38"
	"\x60\x97\x99\xb6\x7c\x99\x28\xc2\x7f\xc7\x32\x33\x11\x32\x08\x91"
	"\x31\xd2\xef\x07\x0a\x11\x7d\x92\x12\x4d\x5a\x4e\x07\xcf\xb8\xf3"
	"\xa9\x1c\x5a\x97\xb7\x2f\xc6\x9d\x6f\xfe\x29\xaa\xee\xe6\x45\x75"
	"\x77\xfa\xbc\x7b\xfe\xe5\xf1\xeb\xdb\xe6\xe5\xf5\x97\xf7\xff\x9d"
	"\x3a\xd9\x38\xea\xf9\xd5\x3d\x86\x12\xb7\xdf\xe1\xa7\x22\x76\x12"
	"\xb4\x1a\x58\x5e\xdd\x8d\x86\xe9\x8b\x71\xe6\x82\x17\xe7\xbe\x34"
	"\xb8\x1b\x4a\x6f\x3a\x8b\x87\xed\x93\xb3\x62\xd9\x46\xd6\x6a\xf5"
	"\xb0\xf6\x1c\x4e\xa5\x04\x6a\xd5\xa0\x5e\x43\x5c\x5a\x46\x04\xd8"
	"\x7b\x65\x42\x6b\xe7\x01\x2d\x64\xfd\x7a\x80\x5c\x1d\x85\x04\x0d"
	"\x08\x0f\xa8\xa0\x75\x60\x07\x73\x0c\xd3\x7a\xf4\xcc\xd6\xd0\xea"
	"\x3e\x41\x4d\x75\xca\xa1\x46\x3c\x27\x66\x37\x74\x27\x57\xf8\x4c"
	"\xac\xaa\xa2\x75\xc3\xd4\xd3\x80\x41\x1a\x53\xb3\x6b\xc2\xf9\xae"
	"\xa6\x47\xbc\x4a\x45\x1e\x00\x88\x6c\x75\x1d\x20\xa7\x2c\x57\xe2"
	"\x3e\x04\x28\xe3\xd1\x0d\x11\xb4\xc4\x20\x32\x2e\x8b\x50\x0d\x4a"
	"\x21\x15\x83\x29\x5d\x04\x30\xb2\x88\xd1\x9f\x51\x08\xa1\x32\xca"
	"\xe3\xb4\xa1\xa3\xa6\x4f\x80\x0e\xc3\x14\x88\x56\x62\x30\xe8\x47"
	"\x35\x94\x05\x9f\x56\xac\x89\x4a\xc2\x20\x7e\x92\xb9\x42\x36\x0c"
	"\xe6\x2c\x3f\xbe\xec\xb4\x55\xc2\x41\xdd\xa4\xd5\x3a\x1e\x06\x60"
	"\xc6\x00\xce\xda\x01\x07\x69\xa1\x35\x2f\x72\xa6\xe3\x97\x93\xe1"
	"\xa8\x31\x8f\x72\xc5\x9a\xf1\x4d\x1e\x08\x57\x6b\xa1\x30\x3f\x12"
	"\x15\xc3\xde\x59\x92\x6e\x23\x75\xc8\x69\x63\x73\x76\x7f\x73\x76"
	"\x75\xd1\x48\xa6\x58\x18\x29\x34\x72\xf5\x09\x24\x3a\x12\x1a\x87"
	"\x21\x94\x73\x82\x03\x60\xd8\xb8\x21\xa0\x1e\x9c\x26\xa8\x79\x15"
	"\x13\x1e\xc4\xb2\xd8\x7d\x2d\x28\x37\x6f\xe8\xa9\x5c\xb3\x0b\xcf"
	"\x46\x5e\xd6\xf3\xf8\xd9\xdb\x58\x4b\xd7\xbc\x2a\x91\x35\x26\xd3"
	"\xcf\x66\x68\x6a\x31\x44\x74\x53\x92\xc9\x4e\x83\xc7\xf5\x0b\x67"
	"\x7c\xb8\xb9\x4e\xdd\x22\x81\xa1\xe0\x5a\xdb\x40\x2f\xad\x1f\x31"
	"\x64\xf0\x55\xe7\xf4\xf9\xf4\xcb\x16\x03\xca\xfc\xe7\xfb\xdf\xed"
	"\x2f\xff\x7d\xf9\x6a\x7e\x3b\x75\x1d\xd1\x1d\x4a\x0c\xdb\x89\xa5"
	"\x22\xca\x17\x89\xc8\x7c\xc7\x70\xc2\x56\x87\x4a\x75\x31\x50\x2c"
	"\x45\xcf\x49\x59\xf5\xbd\xb5\x68\x8c\x79\xab\x94\x49\xdf\x90\x16"
	"\x36\x11\xcb\xe1\x95\xca\x4c\xd0\x66\xe2\xfe\x8d\xca\x8c\x35\xda"
	"\x5f\x40\x8a\x2c\x48\xf7\x6f\x7b\x58\x38\x70\x90\xf1\x24\xad\xfc"
	"\xee\xc2\x86\xbb\x9f\x11\xc5\x4b\xe1\xf3\x1e\x3b\x91\xfe\x8d\x4e"
	"\x71\xaf\x29\x7b\x7b\xd1\x93\xd2\x52\xee\xe5\xd2\x63\xa4\x36\xd9"
	"\xbe\x3d\xff\xfd\xf8\xb6\x71\x15\xe4\xf4\x0c\x96\x18\x08\x71\x39"
	"\x9c\xc5\x3a\x39\x9e\xf1\x98\xb2\x2a\xd0\xb6\x7d\x71\xa9\x3d\x5a"
	"\x29\x60\x54\xfd\xda\x3f\x13\x51\x65\x4b\xd4\x25\x86\xb1\xcb\x98"
	"\x57\xaf\x2f\x13\x76\x0c\xda\x24\x13\x86\x1f\xf4\x67\xb8\x6c\xe2"
	"\xc9\xd4\x05\x0c\xcd\x7b\xae\x2e\x06\x0e\xaa\x8c\x2d\x62\x1c\x5b"
	"\xfd\x35\x2d\x8a\x29\xda\x60\xb6\xb5\x74\xba\x0e\x3d\xf6\xff\x8b"
	"\xff\x84\x7b\xe1\x6e\x8b\xa6\xab\xfb\xae\x14\x5d\x8c\x9e\x7f\xf7"
	"\xcc\x59\x0f\xc3\x30\xc1\x07\xf7\xca\x57\x41\x24\x71\xd9\x37\x73"
	"\xc1\x14\x0c\x2c\x9a\xc9\x66\x52\xa1\xde\x76\x32\x20\x56\x75\xae"
	"\x4d\x3c\x96\x15\x2b\x4b\x2b\x4e\x16\x52\xa1\x5d\x52\xd5\x91\x35"
	"\x0b\x26\x18\x00\xb3\x94\x35\xda\xc3\x6a\x9d\x76\xbf\x22\x08\xc0"
	"\xc8\xa5\xdb\x31\x2a\x8a\xe9\xf0\xac\x4a\x4c\x19\x72\x83\x44\x6c"
	"\x44\xa9\xd5\xf2\x3c\x37\x9d\x6f\x6f\x8f\x27\x7f\x74\x9d\xb6\x7f"
	"\x92\xea\xc5\x86\xf2\x08\x28\x26\x5b\x74\xa3\xa9\x0f\xd7\xbe\x32"
	"\xa7\x51\x1f\x5d\x16\x55\xd2\x9a\xa7\x5b\x4d\x5e\xa9\x71\x43\x4c"
	"\x19\xa0\x9d\x37\xde\xd9\x02\x94\x0b\x2b\x98\xb4\x4e\xa8\x25\x47"
	"\x0b\x2d\x9d\xe7\x80\x34\x91\x0d\x46\x7a\x5f\xd9\x9c\x74\x47\xd2"
	"\xe6\x26\x42\xad\x07\x15\xbb\x68\x78\xae\xd5\xa1\xa9\xfe\xd3\x18"
	"\xca\xfa\xe4\xf7\x28\xb1\x4c\x6e\xf0\x6f\x12\xac\xc3\x76\xeb\x8e"
	"\xb2\x99\x4e\x21\xf1\x10\xa0\x3a\xe8\x77\x9a\xb4\xa2\x49\xd3\x89"
	"\x24\xbb\x1c\x18\x3f\x9a\x18\xa9\x40\x5d\x72\x91\xba\x9f\x76\xad"
	"\x1b\xeb\xef\x7a\xbe\x11\x30\x01\x95\xfb\xdd\x54\xf8\xb7\x82\xd9"
	"\x5b\xb9\xc9\x9e\x01\xec\x48\xbe\x01\xd4\x34\xbd\x11\x06\x2b\xd5"
	"\x1b\x63\xe7\x6b\x73\x77\x14\xf9\xef\xc6\x4e\xc1\xbf\xaf\xb5\xd9"
	"\xc0\xfe\xa5\x25\x2a\x24\x0e\xe3\x33\xae\xfc\x43\xef\x9d\x9a\x68"
	"\x91\x3f\x19\xac\x15\x93\xd6\xea\xe1\x17\xa5\xb7\x59\x42\x6f\x1e"
	"\x03\xd3\x6a\xd4\x7e\x47\xe3\xad\x35\x41\x1f\xf6\x83\x2f\xb9\x61"
	"\xe9\x54\x52\x34\x91\xa3\xa9\xac\xb1\x1e\xb0\x30\x70\xef\x1e\x0e"
	"\x4c\x97\x18\x5a\x0d\x2d\x22\xaa\x45\xaa\x44\x6e\x6c\x4e\x54\x5d"
	"\x71\xab\x02\xc6\x9a\xac\xa7\xef\x3d\x4c\x10\xad\xbd\x19\xaa\xe8"
	"\x5b\x55\x60\x86\xe0\x3b\x88\xea\x42\xf5\x6c\xf1\xf5\x9f\xe8\x47"
	"\x5f\x5b\x27\xe9\x70\xe9\x13\x4b\xd5\x5f\xc7\x50\x6f\x61\x70\x14"
	"\xe5\x43\x4b\x2f\x4d\xa0\x1a\x6a\xa8\xaa\xe2\xd6\xb2\xbf\x9f\x64"
	"\xaa\x59\x8c\x7c\x78\x4d\x19\x0f\xaa\x17\xab\xd4\x0e\x74\xa0\x8a"
	"\x89\xbc\x20\x66\xbd\xde\x24\xad\x69\x15\x43\x92\x07\x89\x12\x93"
	"\x94\xad\x07\xe0\x43\x2a\xec\x4e\x89\xa8\xd0\xff\x30\xfc\xf0\x6f"
	"\x26\x07\x2c\xf2\x9d\xbe\xc9\x2f\x60\x06\xf1\x8c\xe7\x8a\xa5\xa6"
	"\xa0\xd6\x41\xf9\xd3\xf7\xcd\xce\x66\xb2\xf4\xe6\xe8\x6a\x07\x25"
	"\xbf\xc0\xd1\xfb\x5b\xb2\x48\xf4\xe9\x73\x38\x7c\x7a\x4f\x53\xc5"
	"\xed\xd5\xd5\x19\xb5\x6d\xd5\xc9\x64\x40\x32\xa2\xe5\x42\xfe\x36"
	"\x61\xea\xb7\x5c\x0d\xf2\xdd\x4f\x20\x7b\xeb\xca\x24\x7c\x61\xa5"
	"\x2c\x86\x10\xfc\xbb\x13\x47\xc5\x45\xc2\x31\xd6\xc0\xdd\xc5\xf9"
	"\xb5\x8f\x2e\x0a\x74\x3a\x00\x07\xf9\xdd\xe9\x76\xf7\x7a\x73\x73"
	"\x79\xfb\xcb\xe8\xb4\x3f\x7d\x0f\xd0\x5a\x4d\x6e\x08\xe9\x9e\xb3"
	"\x59\x9b\x2b\xd2\x6e\xf3\xf1\xf5\x15\x0e\x77\x4f\xb3\xd0\x57\xc2"
	"\x60\xc0\x75\xd2\x7c\xa8\x10\xd6\x27\xe2\x45\x5e\xa5\xfd\x15\x51"
	"\x60\xc4\xf5\x29\x47\x63\x0c\x61\xcc\x8a\xed\xec\xe2\x99\x48\x51"
	"\x3e\x47\xe5\x58\xf7\x6f\x4b\xc0\xc7\xe6\xfd\x7e\x1c\x04\x52\x54"
	"\x59\xe9\xfc\xe9\xdb\x50\x0d\xa1\x3b\x5a\x0e\x12\xed\x7a\x0a\x6b"
	"\x3b\x22\x66\x47\x4b\x6d\x86\x71\x21\xf6\xac\x74\x3c\x03\x26\x55"
	"\x36\x53\xe0\xb2\x80\xd7\x33\xcd\xee\x3b\xb0\x34\x16\x07\x36\xab"
	"\x32\x11\xc0\x62\x62\xd2\x21\xc2\xbd\x90\x26\x5e\x89\xb1\xa8\xb6"
	"\x17\x5c\x85\x41\xa4\xe9\x73\x97\x25\x01\xda\xc4\xa1\xed\xbd\xe0"
	"\xe2\x46\x6d\xd7\xab\x4b\x3a\x98\xca\xf5\x3a\x1d\xb8\x38\xe0\xdf"
	"\xec\xa9\x31\xa3\x4b\x06\x52\x99\xd6\x24\x39\x0a\x34\x28\xa2\x49"
	"\x81\xaf\x62\xe0\xc3\x09\x92\xbc\xaf\x99\x9c\x11\xc4\x45\x80\x51"
	"\x42\x0b\xdf\x15\xc9\x29\x65\x81\xd6\x97\x34\xed\x3e\x5f\x5d\x04"
	"\xa9\x57\x34\xb5\x0a\x15\x5a\x4a\x45\xda\xdd\xad\xe5\x82\xdc\x00"
	"\x03\x2c\x1d\x57\xe8\xd8\xaa\x3f\x33\x7d\x51\xd4\xfb\xf1\xa0\xe0"
	"\x8f\x6e\x67\xb2\xb6\xae\x1e\xb9\xdb\xfb\x1a\xd8\xfb\xfa\xb3\xc9"
	"\xa2\x5d\x13\x6f\x57\x36\x88\x78\x37\xb6\x40\x37\x84\xa4\x7a\x00"
	"\x1a\x7f\x06\xf4\xa9\xe2\x3e\x51\x71\x2a\xc0\xf8\x00\x34\xfa\x0c"
	"\xe8\x33\x15\x27\x54\x0b\x06\xa0\x8b\xcf\x80\x3e\xd3\x05\x84\x99"
	"\xc5\x00\x74\x7b\x1c\x74\x7b\xfe\x89\x9c\x6e\x3f\x33\xc0\xb7\xe7"
	"\x9f\xe8\xa7\xdb\x8b\x4f\xd4\xe9\xe6\x9a\xee\x27\xe0\x35\x70\xc2"
	"\x37\x37\xc7\xb3\x19\x8d\x3f\x53\x6d\x40\xd1\x93\x80\xc9\x58\x08"
	"\xff\x82\xdc\xd7\x64\x34\x5c\x61\x1d\x61\x7c\xb4\x11\xe7\x47\x11"
	"\xc7\x3b\xe2\xf2\x28\xe2\xea\x28\xe2\xfa\x28\xe2\xf6\x28\x62\x74"
	"\xbc\x31\xa3\xe3\xad\x19\xd1\xcd\x99\x17\xe2\xa6\xa9\xc2\xe4\x9a"
	"\x24\x63\xbc\x34\xd8\xdb\x59\x1e\x44\xc4\x1c\xae\x42\xf1\x11\x08"
	"\x5c\x50\xea\xaa\x08\x83\xaa\x82\x29\x71\xac\xb0\x75\x25\xd2\xf4"
	"\x48\x71\x53\xc6\x8f\x42\xe0\x6e\x33\x0f\x22\x04\xb4\x6b\xe0\x0a"
	"\xc4\xc5\xe4\x35\xe1\x93\xd0\xea\xbe\x63\x8d\x82\x0b\xe4\x9c\x8a"
	"\x10\x81\x18\x92\x97\x4e\x52\xff\x6b\x76\x9d\x0b\x5c\xab\x84\x04"
	"\x15\x2e\xda\xc6\x55\x1c\xed\x68\xad\x8d\xac\x28\x1e\x1c\x21\x9d"
	"\xe6\xd5\xe7\x9b\xb7\x97\xcd\x5f\x27\xdf\x1f\x9f\xfe\xdc\xbe\x7c"
	"\xeb\x94\x77\x7e\xbc\x6d\x5f\xde\xff\x34\xba\x11\xcf\x9b\xdd\x37"
	"\x37\x00\x9e\xbe\x94\xce\xb5\x97\x0b\x8b\x1b\x45\xb1\x39\x5c\xfe"
	"\xa7\x29\x5f\xf0\x74\x7f\x50\x5f\x1f\x3c\x48\x20\xe3\xe7\x41\x5c"
	"\xf4\xd8\x33\xf4\x5c\xd3\xe6\x9f\xf0\x41\x34\xbd\x43\x87\xad\x73"
	"\x86\xce\xac\xe9\x96\x1b\x67\x4c\x59\x91\x74\xc2\x4e\xed\xa6\x20"
	"\x00\xed\xaa\x5f\xe7\xc0\x71\x63\x08\x98\xb2\xd0\xd7\x71\xe9\x31"
	"\x19\x79\xfe\x01\xb7\x9b\x5f\xde\xb7\xcf\x9b\x13\xb8\x49\x3e\xfd"
	"\xb9\xd3\x9d\xf5\x64\xd2\xdf\xdc\xfe\x32\x25\xb4\x7e\x12\x06\xe5"
	"\x62\x2a\xde\x75\xeb\x98\x27\x81\xea\x69\x18\x30\xbd\xc4\x3c\xed"
	"\x81\x92\x25\xab\x26\xfe\xdd\x66\x9a\x44\x8d\x8c\x2b\x51\x7a\x1d"
	"\x7c\xb4\xce\x33\x50\xca\x00\xf9\x95\x70\xf7\x66\x8a\xf7\x6e\x4a"
	"\x9d\x73\x8d\x5a\x2a\x23\xf8\xea\x5d\x3e\x2b\xf4\xdf\x80\x5f\xde"
	"\x8d\xcf\x2e\x6e\xfa\xef\x25\x50\x1a\x2a\xe4\x02\x93\x98\x11\x5c"
	"\x27\x67\x89\xf1\xb7\x28\xa9\x55\x50\x4b\x18\x0f\xc8\x20\x2a\x08"
	"\x87\x33\xfa\x34\x2b\x96\x39\x21\xd1\x36\xbd\x43\x71\xd3\x1c\x25"
	"\xe1\xad\x2c\x2f\xf0\xb9\x34\x52\x3a\xbc\x4d\x65\xe8\xc1\x8b\x50"
	"\xb4\xb3\x41\xa6\x37\x8b\x3c\x5d\x53\xf7\xbb\x25\xdc\xec\xda\xfe"
	"\xeb\x66\xdc\xb0\x5f\xdb\x74\x77\xee\xb4\xfe\xc2\x38\x9b\xa3\x36"
	"\x06\x7a\x7b\xf0\xfa\x34\x45\x2d\x0f\x60\xb0\xfb\x6a\x1c\xbd\xc4"
	"\xfd\x55\xdf\x8c\xef\xdd\xd9\xcf\x91\x0f\x25\x79\x25\x58\xda\x77"
	"\x7e\x80\x35\xc0\xdb\x33\x4f\x3b\xc1\x4a\xb6\x79\x7e\x7d\xfb\xe7"
	"\x24\xd9\x7c\xf9\xf8\xf6\xcd\xec\x28\xf6\x10\xf1\x95\xe2\x39\x29"
	"\xc3\x34\x59\x22\x90\xa5\x69\x41\x68\x32\xa6\x75\xb4\x07\x1a\x37"
	"\x59\xf4\x8c\x80\x8e\x93\x45\x4e\x39\x65\x39\x14\x07\x73\x70\x12"
	"\x80\x54\x45\xc2\x50\x8e\x46\xbd\x89\x18\x54\x11\xa1\x1c\x57\x1e"
	"\xab\x35\x51\x5f\x8d\xa0\x5c\xef\xe8\x87\xaa\xb6\xc3\xd1\xc7\xc5"
	"\xc0\x11\x8d\x4d\x09\x4d\x61\xfd\x6a\x53\x4b\x2a\x0c\xa5\x41\x2d"
	"\xb2\x90\x2c\xa2\xc5\x98\x83\xc5\xad\x45\x4b\x08\xed\xc9\xc6\x89"
	"\x1e\x5c\x7e\x43\xbd\xd9\xce\x67\x74\xfc\x49\xf6\x88\xae\xd3\x9c"
	"\x49\x96\x3b\x6f\x7a\x1d\x41\xbb\x4c\x60\x7d\xb9\x72\x1c\xeb\x66"
	"\x18\xea\xc1\x21\x9c\x8f\x7a\xf8\xf6\x60\x2e\x81\x04\x4f\x7d\xda"
	"\x0f\xb0\x7f\xef\xce\x9c\x3e\x9b\xc7\xc5\xc2\x29\x03\x3e\x80\x64"
	"\xed\xa7\x14\x66\xaa\xf5\xfc\x88\xf8\xd0\x30\xce\x06\x41\x5f\x8d"
	"\x4c\x11\x57\xdd\x09\x5a\x59\x7d\xfc\x30\x07\xd2\xec\xf1\xe5\xdb"
	"\xc0\x99\xe5\x44\xa1\x6c\xbe\x2e\xc3\x46\xde\x7b\x07\x74\x15\x3e"
	"\x7c\xa0\x7b\x19\xf3\x56\x41\xd4\x49\x47\x89\x9b\xd5\xf9\x14\xba"
	"\x4b\xfa\xe7\xdf\xf2\x7e\xef\xf6\x30\x5c\x62\xe1\x7f\x76\xb0\xe8"
	"\x26\x12\xdd\xdd\xc0\x5f\x5e\xe7\x22\xef\x72\x2f\x54\xd2\x91\xdc"
	"\x06\x2e\x62\xdb\xf0\x6e\x83\xa3\xf8\xe0\x71\x4f\x93\x29\xa6\xe2"
	"\xd0\x2f\xaa\x51\xb3\xaa\x50\x28\xb6\xf7\x09\xde\x75\x36\x8e\x67"
	"\x3e\x93\xb9\x59\x84\x3c\x4f\x8e\x9e\x38\xd8\xa2\x39\xe7\xe5\x91"
	"\x0d\xac\xc2\x18\x4f\x6e\xf4\x62\x9c\x09\x87\xad\xf8\xe4\x5f\xbb"
	"\x1f\xdb\x17\xb4\xe3\xdb\xfd\xe7\xe4\xf9\xe3\x7d\xf3\x73\x03\xbf"
	"\x6c\xde\x9f\x7e\xfd\xf5\xd7\x7f\x5b\x8a\xd9\x66\xcb\x53\x70\xce"
	"\x2b\xbe\xe2\x32\x34\x0f\x5b\xef\xe9\xa1\xc5\x7e\x34\x93\xe5\xd2"
	"\x80\x60\x07\x2c\x96\x25\x23\x34\x26\x5a\xdf\x9a\xf8\x2e\x45\x9f"
	"\x0d\xc6\x5b\x72\xfb\xf8\xe4\x57\x3c\xc1\x0c\x70\x5c\x02\x85\x30"
	"\x55\x20\x6b\xa9\x1d\x84\x1d\xa9\x0b\x06\x02\x64\xa5\xd8\x2b\xbb"
	"\x48\xba\x50\x58\x6a\xf8\xbe\x44\x1f\x22\x87\x7e\xf0\x68\xce\x1c"
	"\x82\x0f\xc6\x73\xbd\x61\xf4\xa7\x95\x66\x31\xa0\x57\x80\x51\x92"
	"\x9c\x27\x30\xc5\x8c\xd3\xbe\x40\xe5\xe7\xe6\xb0\x0a\x1f\x35\xf0"
	"\xdf\x82\x57\x51\x21\xf9\xf0\xd4\xa7\x29\xa9\xb0\x3d\x61\xb7\x53"
	"\x54\x68\x42\x68\x2a\x85\x66\x78\xe7\x21\x34\x34\x8d\x62\x60\xa1"
	"\xe1\x76\x0a\x2c\x8a\xcb\xb0\x57\x71\x4d\xf0\x24\x7a\xc2\x20\xd9"
	"\xab\x61\x73\x6c\xc8\xe0\x43\xed\xdd\x2b\x8c\xa0\xb2\xe9\x41\x74"
	"\x64\x03\x85\x43\xb8\xf7\x07\x3a\xea\xd3\x0f\xdb\x13\x82\x60\xe3"
	"\xb3\x0b\xc0\x09\x41\x16\xcf\xef\xe5\xd1\x6b\x12\xec\xce\x86\x95"
	"\xac\x1c\x26\x72\x80\x34\x4f\xc3\x3a\x12\x21\x5f\x10\xd1\x28\xa1"
	"\x31\xb3\x42\x95\xa9\x61\x38\x14\xef\x54\x5e\xfd\xf7\xe2\x76\x6c"
	"\x31\x0e\x41\x51\x1d\x7b\x0c\xff\xc4\x83\x79\x0a\x25\xe6\xf1\x5a"
	"\x15\x3e\xa5\xa2\xbc\x28\x4d\x77\x55\x03\x8e\x61\x52\xe7\x86\x71"
	"\x0f\x53\xa7\x15\x2b\x67\x7e\x4c\x77\x25\x9d\x74\xeb\xd3\xca\xc0"
	"\x9c\xf2\x59\x5c\xd4\xc0\xed\xc3\xa9\x5a\x54\xc9\x00\x82\xcf\x5c"
	"\x7a\x06\x20\x52\x73\xfc\x72\x18\x4a\xaf\xfd\xd0\xe4\xd2\x7b\x7a"
	"\xd2\x79\xc7\x76\x6c\x8b\x4a\x07\x29\x1d\x38\x38\x6d\x9d\x53\x02"
	"\xde\x7a\x7d\xc1\xf1\xc1\x21\x95\x4b\x81\x57\x96\x61\xf3\x50\x9d"
	"\x0f\xae\xec\x53\x9f\x93\xd1\x4a\xf9\x5c\xd3\x3b\x25\x74\x2a\xb0"
	"\xc3\xac\x5b\x60\x2f\x42\x40\x37\xd2\xce\x2e\x37\x18\x21\xe2\x00"
	"\xd0\x47\x21\x3a\x08\xd5\x4d\x25\x2c\xa4\xab\x7b\x60\x84\x26\x9f"
	"\xc8\x28\x04\x31\x87\x79\x00\x30\x5b\xa2\x33\xbd\x00\xa0\x9d\x14"
	"\xed\xc0\x13\xb6\x32\xfa\xf3\x46\xe6\xc0\x06\xcf\x0a\xdf\xfe\x11"
	"\xc1\x66\x0f\x83\x06\x5b\x99\x96\x08\xe5\x85\x1d\xd1\xaf\x4b\x67"
	"\x39\xac\x34\xbc\xcf\xb7\x1f\x10\x67\xb2\x61\x4e\x02\x95\xc6\xe0"
	"\x34\x18\xec\x51\xfb\x33\x1b\xec\x3b\xdd\x7d\x5d\x87\x42\x69\x47"
	"\xe0\x30\xa4\x51\x39\x71\xd2\x06\x48\xa7\x6b\xd0\xf1\x33\x30\xab"
	"\xe4\xfe\x7a\x58\x2c\x4d\x04\xab\x7e\x86\xde\x8e\xfd\x3b\xe1\x61"
	"\x39\xfc\x3f\x90\x9f\x2b\x1f\xea\xcf\x52\xbc\xa8\x68\x99\x1c\xbd"
	"\x1c\xda\x76\x3a\x3e\xe8\x30\x40\x31\x72\x11\xce\x2e\x6d\x0e\xaf"
	"\x8f\x17\x2d\x68\x52\x9b\xdd\xfb\xe0\xf8\xc2\x6a\xe9\x83\x15\x18"
	"\x7b\xc2\x1e\x41\x43\x48\x6a\xd4\xb1\x13\x9a\xe9\x08\x1c\x63\x11"
	"\xea\x90\xd0\x74\x2d\x9e\xc0\x4e\x08\xc3\x8c\xc5\x08\x4d\x37\x9c"
	"\x17\xea\x95\x87\x94\x87\x75\x93\x66\x7c\x45\xc6\x2c\x35\x6d\x56"
	"\x7a\x20\x5b\xf7\xf4\x34\x6e\x0e\x40\x45\x44\x40\xd1\x00\x2d\x8b"
	"\x9c\xd0\xf4\x48\xa8\x8c\x05\x2a\x52\xd7\x22\xa1\xa9\x15\x0a\x1b"
	"\xd5\xd0\x87\xfb\xa0\xad\x8c\x90\x29\x9b\xf1\x9f\x67\x81\xc2\x25"
	"\x5e\xa3\x8b\x72\x1d\xa8\x7f\x19\x68\x9c\x4f\x01\x76\xd0\xcf\x5a"
	"\x3b\x23\x50\x03\x5a\x88\x9b\xf1\x2c\x3c\xc8\xc8\x3d\xc0\xa1\x31"
	"\xe7\xeb\xd0\x00\x66\x45\xa0\x7f\xa1\x0c\x52\xd0\xd0\x95\x81\x7c"
	"\x3c\x01\x31\x02\x9b\x46\x8b\x7f\xe0\xe8\xad\x6a\x5a\x59\x73\xcf"
	"\xa3\x7d\x06\x2c\x19\x7a\x0c\x3d\x22\xd8\x98\x26\x96\xf6\x2e\xfe"
	"\x1d\x12\xcc\xd4\x91\x16\x41\x40\x35\x94\x78\xe0\x78\x21\xb0\x75"
	"\xb7\x5b\x59\x63\x07\xcc\x8b\x26\xaf\x89\x80\x5c\x1a\x11\x16\x02"
	"\x69\xa5\x7b\x21\xf5\x6d\x6c\xd9\x97\x12\x9b\xa8\x52\xa5\xd2\xbe"
	"\xcb\x51\xaf\x67\xa0\x41\x7e\x20\xea\xfd\x8e\xd2\x36\x10\x78\x49"
	"\xef\x38\x13\x91\x90\xba\xe6\x90\x9d\xb9\xed\x60\x9b\x35\x17\x03"
	"\x47\xbb\xe4\xa1\xbb\xc6\x72\xe5\x75\x23\xab\xef\x7e\xa9\x98\xe6"
	"\xad\xbc\xcf\xbd\xc6\xa0\xd6\x77\xa0\x1a\x3c\x45\x07\xc3\xe4\xe6"
	"\xa6\x41\xb8\x2d\xc5\xb0\xe8\x2a\x94\xd9\x46\x7c\x82\xae\xba\x33"
	"\x36\xe7\xde\x38\xbd\x15\x97\x62\x3a\x53\x7d\x46\xad\x4d\x6a\x50"
	"\x5d\x50\xa2\xdd\x45\x23\xf1\x37\x0a\xb2\x47\x34\x2a\x8b\xed\x40"
	"\xbf\x1d\x2c\x66\xaa\x26\x42\xaa\x75\x10\x93\x41\x29\x3e\x85\xe3"
	"\x2a\x5a\x8c\xce\x8e\x21\x8d\x09\x05\x57\xd9\xc5\x2a\xd4\xf4\x3d"
	"\x57\x5d\xf1\x32\x15\x5d\x10\x09\x4f\x86\x49\x34\xad\x45\x30\x27"
	"\x63\x0d\xe2\x36\x5f\x09\x5f\x72\x21\xbd\xdd\xae\xca\x84\x11\xe9"
	"\x99\xbf\x62\x48\x19\x48\xd8\x8f\xf4\xcd\x7d\x99\x84\x5b\x32\x5b"
	"\x6a\x46\xc2\x57\x0f\x6d\xdf\xe2\x23\x98\x58\x45\xd8\xe1\x61\xaa"
	"\xf3\x18\xe0\xe9\x31\x49\x8c\x81\x9a\xd6\xc1\x7a\x77\xb5\x36\x6e"
	"\xdb\x36\x4f\x1f\x6f\x68\x82\xed\x3c\x96\xe1\x76\xdf\x57\xcf\x5b"
	"\x1b\xe5\x67\x66\xc9\x15\xf0\x50\xc7\xf8\xf0\xc0\xf8\x01\x02\x8f"
	"\x7a\x42\xdb\xab\xcd\x82\xf0\x78\xa9\x75\xd2\x80\x27\x26\x21\x40"
	"\x68\x92\x59\x53\x40\x79\xfa\x09\x95\x72\xc3\x60\xf4\xc3\x81\x95"
	"\xe3\x52\xdb\x48\xe8\x65\xee\xb5\xcf\x69\x91\x5a\x6e\xd0\x32\x84"
	"\x1d\xbe\x27\xa5\xf4\x28\x9c\xef\x3f\x5d\xc2\xff\xf5\x83\xd9\xac"
	"\x28\xe6\xe1\x0a\x79\x95\xf3\xf6\x19\xb5\x0a\x58\xde\x42\x3a\xe5"
	"\xac\xd5\xa4\xca\xc2\x6d\x1e\xca\xec\xba\x7b\xb8\x0e\x48\x0c\x4c"
	"\x31\x1c\xc0\x0d\x4b\x92\xea\xee\x7c\x7c\x7d\x75\x63\x9d\x73\x33"
	"\x56\x25\x70\x33\x4c\x34\x9f\x82\x6c\x8a\x11\xee\xd9\xb1\x62\x1c"
	"\x90\xa5\x23\xe8\xe4\x80\xef\x39\xb2\xf4\x1e\x5f\xb0\xdb\x9a\xf0"
	"\x20\x7a\xf7\xe9\x1b\x8a\x69\x3e\x03\xb3\x00\x66\x82\x1b\x9e\xf1"
	"\x08\x59\x37\xfb\xee\xf4\xd4\xe9\x54\xe0\x5d\x45\x5e\xaf\xbc\x9d"
	"\xda\xd2\xf4\x23\xb7\x36\xed\x09\xf7\x6c\x07\x4f\x84\x24\xa2\xfc"
	"\xb8\x50\xae\x9d\xb8\xba\x33\x69\x8f\x60\x8b\x78\x1f\x33\x86\xc2"
	"\x68\xc1\x74\xc5\xef\xd1\x84\x6b\x28\x6c\x77\xc0\x52\x24\x30\x1d"
	"\x35\x97\x8a\xcc\xb0\xbc\xbb\x75\xa1\x19\x8b\xfd\xd3\x4c\x53\x30"
	"\x9a\x47\x3e\xad\xcb\x23\xbd\xa1\xa1\x30\x2f\xe1\x96\xa5\xa8\x4b"
	"\xb9\x0d\x46\xbb\x28\x7d\x00\x62\x44\x89\x23\x4b\x17\xee\x1e\xc5"
	"\xba\x08\x63\x20\x3f\x38\xc6\x8b\x23\x65\xa3\xb6\x41\x49\x98\x69"
	"\xef\x41\x6b\x96\x31\xaf\xc2\x3a\xda\x1d\x0f\x56\xfe\x3e\xf1\x60"
	"\xa7\x10\xfa\xb4\x61\x75\x22\xec\x78\x84\x19\xe1\x38\xdd\xfb\xd4"
	"\xd7\x1d\x01\xa1\x29\xed\x62\x32\x46\x3e\x04\x0c\xa0\x03\xff\x84"
	"\x04\xec\xee\x74\xb7\xf9\x6b\xfb\xf2\xf1\xf3\x74\xa0\xab\xf2\xf6"
	"\x75\xa3\xfd\x7d\x1c\x0e\x8e\xfe\xdb\xf3\xf6\x65\x8b\xee\xd6\xb6"
	"\xff\x7b\x6c\x9d\x13\xee\x7b\x47\xb4\xcc\xbe\x23\x22\xe9\x91\x18"
	"\xc1\x10\x6b\x88\x36\x51\x41\x1e\xaf\xab\x2a\xc1\xdc\x77\xe0\x09"
	"\x5e\x86\xfd\xd8\xbd\x56\x31\x06\xc3\xd8\x9b\x25\xbc\xfd\xf3\xe3"
	"\xfd\xf5\xe4\xe9\xf5\x6d\x73\xf2\xfa\x76\xf2\x7d\xf3\xd7\x0f\x6d"
	"\x15\x67\x81\xd1\x4a\xc6\x0a\xb1\x69\x25\x8f\xdd\x74\xce\x12\x6f"
	"\xa2\x0b\x8d\xd2\x79\x2c\xca\x59\x7f\xeb\x1b\x52\xdc\x8f\x70\xd9"
	"\x7b\x13\x5d\x68\x65\xc9\x1c\xf7\x69\x5e\xe0\x5e\x35\xc8\xa9\x3a"
	"\x59\x13\x46\xd5\x7e\x5e\x96\x63\x5f\xa2\x9b\x03\xf2\x19\x9e\xea"
	"\x48\xeb\x2e\xd0\xa6\x26\x33\x72\x40\x1b\x1e\x27\x6e\xa7\x64\x2c"
	"\x87\xa3\xa9\xa2\xd2\xc7\x9e\x32\xf0\xc8\xa1\x4b\x69\x3f\xec\x8e"
	"\x87\x7d\x64\x4b\x1b\x35\x9d\x8c\xc6\x37\x59\x9d\x3a\x04\xbc\xfd"
	"\x79\x13\x7d\x35\x29\xf5\x4f\xba\x2e\xc8\x2b\xe8\xe8\x83\x4e\x8e"
	"\xfa\x47\xe2\xc9\x32\x33\x14\x3a\x4f\x56\xab\x19\xb0\x68\x9e\x4f"
	"\x89\xa7\x94\x96\x2a\xc5\x21\x4c\x24\xfb\x78\xff\x8e\xce\x9b\x9e"
	"\x1e\xdf\x37\x5f\x4f\xf8\xcb\x13\xae\x31\xd8\x18\x4e\xfe\xde\xbe"
	"\x7f\x3f\x61\xbb\xdd\xeb\xd3\x56\x93\x92\xc7\xf7\xc7\xbe\x6c\xad"
	"\xab\x7d\x9c\xd1\x05\x4d\xed\x10\x82\xdd\x27\x33\x06\xff\xc6\x67"
	"\x65\x91\xae\x47\xe7\x67\x97\x81\x8a\xf2\x7b\xb1\x70\x3a\x8c\xc3"
	"\xd7\xb0\x85\x2c\xba\x26\x44\xda\xf9\xea\xf3\xeb\xd7\xcd\xce\xd9"
	"\x0c\xe2\x28\x76\x3b\x5c\x55\x9e\x34\xe9\x29\x27\xf2\xd4\x3e\xad"
	"\x88\x10\xdc\xdd\x3c\x88\x62\xba\x41\x2b\x5b\x8a\xdb\x2d\x35\xbe"
	"\x46\x13\xe5\x50\xb6\x18\xfb\x2d\x57\xb5\x6b\x29\x3c\x7b\xdc\x7d"
	"\xa7\xda\x0e\x27\x8e\xbb\xf3\xf8\x12\x57\xa6\x9b\x86\x85\x2e\x32"
	"\x8f\xa3\xdc\x64\xfb\x6d\xb3\x7b\x77\x0b\xab\xe2\xf3\xb1\xa7\xaf"
	"\x31\xd9\x37\x07\xaa\x58\x8d\xce\x12\x31\x09\x4c\x9e\x76\xe7\x74"
	"\x7a\xd8\x33\x6d\x9c\xa5\x93\x5c\x04\xb6\x85\xe4\xd2\xb7\xda\x04"
	"\x4c\x2b\x9e\xe2\xcf\x50\xce\x55\x96\x8c\x08\x27\x8c\x3d\x04\x61"
	"\x5f\x70\x40\x8c\x2f\xaf\x8e\x20\xce\x6d\x5f\xa9\x83\x85\x31\x63"
	"\x23\xa7\xaf\x21\x11\xb2\xf5\x25\x5f\x8e\x7c\x63\x00\x84\xf3\x50"
	"\x25\xd4\xb4\x1a\xdd\x8e\x43\x88\x65\x79\x39\x72\xdd\xc2\xc5\xdb"
	"\x1f\xdf\x2d\x6f\x09\xfb\x43\xd5\x37\xf9\x21\x75\x10\x74\xca\x41"
	"\xe4\x75\x24\x64\x60\x1b\xac\xe2\x0b\x4f\xc6\x51\x5a\x2c\x27\x94"
	"\xb6\x71\x37\x0d\x59\xc6\xd3\x54\xb0\x30\x46\xaa\xcb\x63\x80\x2b"
	"\xba\x7a\x89\xb7\xd9\x13\xe7\xbc\x70\x76\x85\x19\x7b\x60\x49\x08"
	"\x21\x81\x67\x67\xe3\xe0\x54\xeb\xf6\xda\x60\x36\x9c\x87\x8b\xe1"
	"\x55\x39\x08\x9d\xe4\x9e\x37\x8c\xee\x00\xb8\x27\xe3\x38\x38\x13"
	"\xb3\x4d\x3f\x04\x68\xd8\x2b\x0f\xa3\x77\x40\x8b\x39\xdd\x77\xe5"
	"\x24\xb5\x02\xd2\x75\x7b\xf2\x43\xe1\xe9\xe2\x9b\x8b\xe0\xe4\x4d"
	"\x1f\x2e\x8e\x90\x67\xc1\x9d\xe0\x41\xda\x67\xb3\x79\x8c\x7a\x7c"
	"\xf9\xfa\xfa\x7c\x92\x7f\x3c\x7f\xd9\xbc\x75\x0e\xc1\x7d\x4d\x61"
	"\xb9\x14\x4d\x5c\xfa\x58\xbe\xa4\x8a\x50\xf6\x9f\xd7\x7e\x4a\xbb"
	"\x83\x3b\xec\x96\xa6\xb1\xf0\x7c\xd7\x20\x38\xff\x02\xb3\x15\x10"
	"\x4e\xb9\xbf\x0b\x05\x17\x4a\x8c\xb1\x39\x90\x2e\xf4\xd8\x30\xfd"
	"\x42\x77\xac\xfc\x3d\x50\xb6\xbc\xe8\xa7\xc0\x15\xa1\xac\x34\xc4"
	"\x21\xd7\x4e\xb7\x4c\xdf\xbf\xed\x50\x7c\x1d\x65\xe9\xeb\x4f\xbe"
	"\xd0\x8e\xf4\x62\xc6\xb2\xfd\xa0\xe9\x47\x48\x19\x9c\x16\xf8\x5d"
	"\x1c\x97\xc7\x20\x70\x05\xaa\x8a\x55\x13\xe7\xf9\xe5\x25\xe1\x4f"
	"\xac\x9f\x21\x5b\x88\x3a\x6b\x1e\xc4\xd1\x7c\xef\xbd\x2f\xce\x16"
	"\x00\x03\xd3\x61\x98\xcc\xd8\x5d\x48\x06\xd0\x5d\xba\xbc\xb9\x9b"
	"\x20\x6e\xbe\xa2\xd1\x94\xde\xfc\xf9\x89\x1a\x88\x7e\xe9\x4c\xae"
	"\xb3\x8c\xa3\x88\x4f\xcb\x13\xd5\xba\xf4\x13\xcb\x3a\x4a\x5b\x8c"
	"\xac\x23\x1b\xb6\xba\x3c\xbb\x6d\x62\x8e\x02\x2c\x94\x83\x73\x74"
	"\x0d\x23\xfb\xb7\x89\x72\x1e\xcb\xeb\xbd\x89\xc5\x9e\x7a\x90\x98"
	"\x6a\xba\x79\x32\xe3\x84\x0f\x24\x31\x45\x51\x5a\xc9\x8d\x71\x09"
	"\xfa\x48\xd0\x85\xf9\x4c\x47\x62\x74\x6b\xfe\x87\xe6\xab\x77\x27"
	"\x7f\xa0\x1b\xac\xed\xb7\x17\xe3\xbb\x52\x9b\x44\x98\xa7\xea\xee"
	"\xa5\xcf\x98\x61\x48\x23\x50\xbd\x3b\x7d\x82\x8f\x77\xbf\xe1\x17"
	"\x00\x6b\xfe\xdc\xfc\xf3\xeb\x8f\xcd\xf3\x69\xcf\x02\x1b\xe3\x3e"
	"\xab\xaa\x96\xad\x6c\xb6\xb2\x8d\x85\x1d\xba\x44\x41\x5c\xdf\x1c"
	"\x15\xe9\x7c\xa5\x2a\xd6\xef\x32\x4a\x20\x53\xe4\x09\xab\xd6\xc3"
	"\xf2\x28\x4b\x57\xcc\x3a\x4a\x59\x3c\xd7\x0f\xef\x1e\xb0\xf5\xde"
	"\x43\x4c\x36\xc3\xcb\x18\x8c\x9f\x75\x01\xce\xc3\x90\xc3\x5c\x52"
	"\x57\x0c\xf7\x16\x41\x53\x35\xf7\xd9\x27\x7b\x38\xd8\xf3\xc3\xf7"
	"\x01\xee\x04\xf8\x9b\xae\x19\x04\xc5\x57\x7e\x9f\x88\x97\xac\x30"
	"\x20\x4a\xe7\x01\x40\xce\x8b\xbc\x85\x50\xfc\x81\xc6\x04\x99\xb0"
	"\x7d\x6e\x91\x8f\x15\x8b\x44\x8e\x53\xc4\xe8\x02\x74\x47\x79\xba"
	"\xfd\xf2\xf6\xf8\xf6\xcf\xc9\xdb\xeb\xc7\xfb\xf6\xa5\x7f\x43\x89"
	"\x60\xf7\xe3\xb0\x7c\x24\xf7\x29\xa6\xfb\xa8\xe6\x75\xa1\x6f\x5f"
	"\xd1\xa9\x4c\x49\x55\xe5\x71\xb9\x36\x3e\xa0\x6a\x6b\xc9\xf7\x21"
	"\x29\xcf\x09\x6a\xce\x95\x09\xd5\xec\x92\xca\x58\xa0\x43\x52\x56"
	"\xba\x24\x51\xf4\x9f\x74\xa1\xd6\xe8\xd8\x23\xce\xca\x55\x3c\x33"
	"\x1a\xad\x15\x9f\xf4\xc7\x24\x86\x51\x84\x63\xd4\x4a\x1a\x5d\xd9"
	"\x43\x12\x37\xee\xa5\xc8\x22\x0b\x55\x37\xfe\x8b\xbd\x73\xcd\xc2"
	"\xd9\x19\xd0\x94\x6d\x01\xb0\x9d\xf2\x68\x7d\xe3\xf9\xd4\x50\x28"
	"\x16\x49\x43\x58\xb5\xa4\x76\x0d\x83\x88\x04\xc5\x35\xc6\x64\xc6"
	"\xd7\xbe\xa7\x12\x11\xb9\xf7\xcb\xf8\xa6\x37\x00\x28\xd0\x75\x8d"
	"\x15\x4c\xb2\x1e\x1d\xf3\x42\x46\x41\x1c\xea\x41\xb3\x47\xbf\x9d"
	"\x87\xfb\xf2\x01\xea\x87\x9c\x85\xcd\x9b\xea\x54\x87\x63\x05\x56"
	"\x75\xef\xaa\xc8\x4e\x4d\xb8\x2f\xfd\xc2\x4e\x3f\xf8\x97\x7a\x40"
	"\x82\xdf\xf5\x94\x26\x35\x51\xfc\xbb\x57\x8a\xdc\xe5\xd6\x4c\x1f"
	"\xfa\x7e\x75\x7b\x84\x08\x08\x63\x2f\x25\x7d\xc8\x18\x41\xb8\x70"
	"\x97\x88\xe7\xad\xaa\xe2\xa8\xe0\x5f\xa4\x85\x15\x27\xb6\x9f\x8a"
	"\xb9\xf6\x46\x16\x35\x16\x24\xc7\x21\xf4\xa5\x35\xf3\x7e\x44\xf8"
	"\x5e\x7a\x94\x79\x93\x27\xb2\xef\x0b\x58\xca\x22\x16\xb0\xaf\xe8"
	"\x7d\xa7\x62\xeb\xfe\x5e\x24\x71\xdd\xf7\x5d\x2b\x9a\x24\x54\xc2"
	"\x6c\xac\xfd\x40\x6b\x7b\x64\x96\x00\x54\x4e\xd3\x80\x12\x3e\x6a"
	"\xb3\xe5\x45\x51\x0e\xfd\x47\x59\x00\xb4\x12\x22\x1c\x4c\xa1\x86"
	"\x58\x65\x55\x21\xb9\xef\x6f\x8b\x69\x61\x89\xad\xf0\xef\xd0\xe4"
	"\xcd\x53\xdb\xdb\x57\x9c\x3e\xa0\xd5\xec\xe0\x05\x3b\x21\xa4\x22"
	"\x09\xa1\x78\x82\x1a\xa6\xa5\xdf\x6b\x70\x56\x0a\x58\x19\xbd\x39"
	"\x2e\x22\xcb\x73\x1f\xfa\xc9\xac\xf8\x14\x98\x87\xaa\x37\x22\x75"
	"\x2c\xc7\xad\xce\x9a\xdd\xd5\xae\xcd\xe7\x81\x54\x16\x45\x3a\xd8"
	"\xa5\xb5\x61\xd1\xb4\xd1\x22\xc4\x1e\xc7\x64\x94\xd4\x6c\x6f\x98"
	"\x5a\x3f\xce\xd7\x73\xff\x07\xd6\x43\xb9\xc7\x09\x6c\x02\x00"
MAGIC_END;
